job_id,required_skill,latitude,longitude,num_workers_needed,budget,duration_hours,job_date,job_time
J00000,electrical,28.51728817678221,77.05065839614893,5,9737,11,2026-09-06,10:00
J00001,soil_preparation,28.493420965894472,77.30915342437382,5,3293,8,2026-09-03,16:00
J00002,welding,28.462479998784783,77.1057081778487,5,4154,7,2026-09-23,14:00
J00003,farming_pruning,28.401831952081505,77.16441527939635,4,2342,3,2026-09-16,08:00
J00004,plumbing,28.847005578109908,77.1947518429225,4,2279,7,2026-09-15,16:00
J00005,plumbing,28.666843674738566,77.22036699965071,4,5320,11,2026-09-08,14:00
J00006,masonry,28.56795331699481,77.17304797295787,4,7830,4,2026-09-09,10:00
J00007,carpentry,28.390174386725267,77.33569034059813,2,9408,10,2026-09-21,08:00
J00008,welding,28.44148552337631,77.19301333704267,2,7051,3,2026-09-23,16:00
J00009,plumbing,28.38010169783026,77.13075157921806,3,1659,10,2026-09-22,10:00
J00010,farming_pruning,28.53678041251119,77.50361206067112,3,5816,9,2026-09-18,08:00
J00011,cleaning,28.39962163496378,77.37927550007235,4,1797,6,2026-09-14,12:00
J00012,farming_thinning,28.42374627970662,77.35279619578478,1,3004,10,2026-09-20,12:00
J00013,farming_pruning,28.836155921563577,77.15954509258796,5,6074,11,2026-09-16,14:00
J00014,soil_preparation,28.782709609311695,77.19413652906326,5,3175,4,2026-09-17,16:00
J00015,masonry,28.590461698742267,77.17895763480911,4,3440,7,2026-09-09,08:00
J00016,cleaning,28.688762258126598,77.28315368442071,4,4814,8,2026-09-01,12:00
J00017,carpentry,28.34139182861185,77.31126630370339,4,5544,12,2026-09-03,08:00
J00018,farming_weeding,28.738225175694247,77.25219687618365,3,3028,12,2026-09-02,16:00
J00019,farming_pruning,28.42935604000316,77.2802224328898,5,1866,11,2026-09-16,16:00
J00020,farming_thinning,28.764235144143562,77.21058328069836,1,2970,12,2026-09-06,16:00
J00021,farming_weeding,28.891326059628906,77.07397751677077,2,5018,11,2026-09-08,14:00
J00022,farming_pruning,28.79805261447524,77.27311289268926,4,1737,9,2026-09-23,08:00
J00023,soil_preparation,28.57611045187343,77.15796185408857,5,6199,8,2026-09-08,12:00
J00024,farming_pruning,28.382686774485347,76.96860017982921,2,5675,4,2026-09-21,10:00
J00025,farming_harvesting,28.774882814831862,77.00153642249165,4,3772,2,2026-09-05,16:00
J00026,soil_preparation,28.422774704065194,77.33698037406133,3,7388,3,2026-09-20,12:00
J00027,farming_weeding,28.561593687199107,77.10353067447812,4,2981,2,2026-09-04,10:00
J00028,farming_thinning,28.76518024338337,77.26061744610887,4,9333,10,2026-09-19,14:00
J00029,farming_pruning,28.475472516235556,77.10000186734568,5,7669,3,2026-09-09,14:00
J00030,farming_seeds,28.558396273846366,77.04924427345576,1,5409,10,2026-09-19,16:00
J00031,masonry,28.374805649869067,77.36678697828073,2,5990,11,2026-09-06,14:00
J00032,electrical,28.364245013348512,77.29047939667299,2,3332,7,2026-09-09,16:00
J00033,farming_weeding,28.783114197599122,77.23152137788809,4,8401,2,2026-09-12,08:00
J00034,electrical,28.890568665540393,77.28143795077168,2,1008,2,2026-09-06,14:00
J00035,farming_harvesting,28.672620650900406,77.41269263297319,4,6757,12,2026-09-09,10:00
J00036,painting,28.818310516516842,77.07778677328893,2,9750,11,2026-09-06,08:00
J00037,farming_harvesting,28.36772906226205,77.32805758584877,2,5578,8,2026-09-03,10:00
J00038,painting,28.616792149794477,77.3902339320107,3,5282,9,2026-09-10,12:00
J00039,farming_thinning,28.711266216702857,77.1019829508437,2,8533,11,2026-09-17,12:00
J00040,farming_seeds,28.862310944753194,76.98923544689913,1,8807,2,2026-09-07,08:00
J00041,masonry,28.418021612369255,77.24247439272077,4,7435,10,2026-09-09,08:00
J00042,cleaning,28.839932175045153,77.29975988267745,5,1507,12,2026-09-20,14:00
J00043,masonry,28.387949355177557,77.49222341656439,4,6864,8,2026-09-06,10:00
J00044,cleaning,28.801021825055912,77.49927730081275,1,8580,7,2026-09-17,10:00
J00045,electrical,28.319517981649284,77.35488666716121,3,6862,5,2026-09-05,08:00
J00046,painting,28.689041934915686,77.39404869662737,2,4838,9,2026-09-09,12:00
J00047,farming_seeds,28.48235381480234,77.45170455406925,5,4425,2,2026-09-03,10:00
J00048,masonry,28.55155170772797,77.43094973950393,5,9197,9,2026-09-03,10:00
J00049,carpentry,28.430162154250617,77.35228889652657,5,3875,3,2026-09-06,16:00
J00050,farming_weeding,28.761484063105506,76.98545854618978,5,4734,10,2026-09-15,12:00
J00051,farming_thinning,28.822500306561494,76.92287050297239,5,5143,12,2026-09-11,16:00
J00052,electrical,28.315072978898392,77.16526868594126,1,6292,8,2026-09-18,14:00
J00053,farming_harvesting,28.38693061789352,77.21997716152633,4,6922,10,2026-09-11,08:00
J00054,welding,28.448628923649927,77.07575981842753,4,9723,9,2026-09-15,12:00
J00055,farming_seeds,28.549015330791214,77.10982348919724,5,1415,5,2026-09-12,14:00
J00056,farming_pruning,28.8640971330493,77.02712609060622,3,6092,3,2026-09-14,08:00
J00057,farming_seeds,28.60187985210396,77.39383544449817,5,6477,6,2026-09-02,10:00
J00058,farming_pruning,28.598045915083702,77.48428159472705,1,6465,10,2026-09-21,10:00
J00059,farming_pruning,28.779349683070027,77.28073993336497,1,8314,11,2026-09-03,08:00
J00060,farming_pruning,28.89861534726331,77.45902862676984,4,6132,3,2026-09-05,10:00
J00061,farming_seeds,28.865369472657385,77.17415104199107,3,8075,3,2026-09-23,08:00
J00062,masonry,28.347373975476287,76.9403218860101,4,7581,3,2026-09-08,16:00
J00063,cleaning,28.56056480228206,77.42774964654257,5,1173,9,2026-09-13,14:00
J00064,electrical,28.790998806626078,77.43696290049051,5,2659,7,2026-09-23,08:00
J00065,electrical,28.624227735520275,77.26168801387765,1,2682,2,2026-09-05,16:00
J00066,welding,28.354426683298737,77.3826498542463,2,3064,12,2026-09-19,16:00
J00067,farming_harvesting,28.527134728966686,77.19783958186785,5,8284,4,2026-09-21,10:00
J00068,farming_weeding,28.79211535040768,76.9452947097168,3,8140,10,2026-09-19,12:00
J00069,farming_harvesting,28.66409955285738,77.23368622375502,2,3415,9,2026-09-20,12:00
J00070,painting,28.51964018936335,77.13029799710336,1,9481,11,2026-09-17,10:00
J00071,farming_seeds,28.456332413281984,77.40051027277936,5,1894,8,2026-09-10,12:00
J00072,farming_thinning,28.899806463267083,77.2933328754984,2,2120,7,2026-09-08,10:00
J00073,masonry,28.59933503595046,77.32410460368659,4,6425,11,2026-09-06,16:00
J00074,soil_preparation,28.683561882369066,77.16021717301884,2,2717,9,2026-09-03,08:00
J00075,electrical,28.44554352887848,76.91121824335501,2,4772,9,2026-09-12,16:00
J00076,farming_thinning,28.45731142392492,77.3497517065183,3,7158,5,2026-09-18,14:00
J00077,farming_weeding,28.809550593891196,76.91303523309298,1,2208,7,2026-09-11,08:00
J00078,carpentry,28.38301357555867,77.08334572923366,2,6896,2,2026-09-10,08:00
J00079,farming_thinning,28.432594996613716,77.01348796548969,3,3855,7,2026-09-20,16:00
J00080,farming_thinning,28.42102485848064,76.9218952168349,3,2657,2,2026-09-12,10:00
J00081,plumbing,28.706821518329146,77.44000691487328,3,4444,6,2026-09-02,14:00
J00082,farming_thinning,28.535684392637705,77.13241015485336,2,9633,11,2026-09-15,14:00
J00083,welding,28.353126511650505,76.99565934748675,2,4107,5,2026-09-23,16:00
J00084,plumbing,28.730512337712597,77.09977096551455,4,5006,2,2026-09-09,16:00
J00085,painting,28.427361298589865,77.23028100526713,2,6368,5,2026-09-10,08:00
J00086,masonry,28.791267152035566,77.43271089514997,5,9011,5,2026-09-21,08:00
J00087,cleaning,28.596300376160432,77.30710131914118,1,3743,10,2026-09-13,14:00
J00088,cleaning,28.84335325215938,77.35968176169318,3,9168,10,2026-09-23,14:00
J00089,farming_weeding,28.506993879725727,77.13332723280256,4,9106,9,2026-09-01,12:00
J00090,painting,28.554467642322656,77.46171113421302,5,1599,5,2026-09-18,10:00
J00091,farming_thinning,28.58514804197178,77.04963075510815,2,6013,8,2026-09-10,14:00
J00092,painting,28.408225601766254,77.41445896011938,3,2388,4,2026-09-12,08:00
J00093,farming_harvesting,28.580603189248535,77.11994497098108,5,1674,9,2026-09-23,16:00
J00094,painting,28.515724388322692,77.17969072187343,4,7700,7,2026-09-17,14:00
J00095,soil_preparation,28.477711679403654,76.9238309179227,4,4830,6,2026-09-11,08:00
J00096,soil_preparation,28.854785508428897,77.08571069283458,5,9401,10,2026-09-01,08:00
J00097,cleaning,28.479754970782725,77.04564495541935,1,2168,7,2026-09-11,08:00
J00098,carpentry,28.434083958115092,77.02698779372174,3,5096,6,2026-09-11,12:00
J00099,farming_thinning,28.737285582584295,77.50779742326378,5,5278,2,2026-09-14,12:00
J00100,farming_harvesting,28.807285313510743,77.37887695245523,4,7647,11,2026-09-14,08:00
J00101,electrical,28.706354620507273,77.50256477600855,2,7512,5,2026-09-16,10:00
J00102,welding,28.763382245191373,77.19366295108374,5,8679,9,2026-09-22,12:00
J00103,cleaning,28.36542551373724,77.41648100066713,4,7843,5,2026-09-20,14:00
J00104,electrical,28.82566647495529,76.92706244421616,2,3102,6,2026-09-19,08:00
J00105,electrical,28.800140830982542,77.40957932893036,3,4694,8,2026-09-17,14:00
J00106,masonry,28.765475710192483,77.36670494838943,5,5909,7,2026-09-07,16:00
J00107,farming_seeds,28.654446456509937,76.92832539607053,2,3518,7,2026-09-20,16:00
J00108,masonry,28.793387466527534,77.45725131717847,5,7404,8,2026-09-16,10:00
J00109,plumbing,28.352125548868585,77.14086030472073,4,2779,7,2026-09-06,16:00
J00110,electrical,28.697301983505834,77.0917872787114,2,2709,12,2026-09-09,16:00
J00111,farming_weeding,28.333135492467022,77.32241472984865,4,1439,4,2026-09-11,10:00
J00112,farming_pruning,28.860707186140097,77.14053646864214,2,4818,6,2026-09-09,16:00
J00113,farming_pruning,28.586698212129413,77.13019135939419,1,3815,7,2026-09-01,14:00
J00114,plumbing,28.4081212730181,76.97544636897358,5,7855,9,2026-09-06,08:00
J00115,plumbing,28.886958059380596,77.42841969636,2,4369,6,2026-09-17,14:00
J00116,welding,28.712775587320834,77.0042687499093,5,6084,11,2026-09-17,10:00
J00117,carpentry,28.743963228390378,77.18437386242498,2,1121,4,2026-09-02,14:00
J00118,farming_pruning,28.808649574657846,77.27190915969416,2,9615,7,2026-09-11,16:00
J00119,electrical,28.590022736019026,77.2546796513755,1,5717,12,2026-09-18,14:00
J00120,soil_preparation,28.73408992383468,77.33598876019872,3,7407,11,2026-09-09,10:00
J00121,plumbing,28.463380890540385,77.44897877218308,4,8501,8,2026-09-07,10:00
J00122,welding,28.655069159541434,77.14513079055538,1,4927,4,2026-09-04,12:00
J00123,masonry,28.63654252584527,77.3089941643311,1,4559,9,2026-09-07,14:00
J00124,cleaning,28.645594336777467,77.50618982891172,1,2723,10,2026-09-04,12:00
J00125,plumbing,28.58446159003752,77.06065997091251,5,1731,9,2026-09-11,08:00
J00126,farming_pruning,28.69721997406998,77.31437323988857,4,7244,7,2026-09-06,14:00
J00127,farming_thinning,28.551904596700258,76.91544241683457,1,3236,7,2026-09-07,14:00
J00128,electrical,28.590714198799002,76.95852917791201,2,8171,4,2026-09-20,14:00
J00129,farming_harvesting,28.818837519854455,77.01135345738454,1,2646,4,2026-09-01,12:00
J00130,farming_pruning,28.63469229984334,77.14350970128977,1,1183,12,2026-09-19,12:00
J00131,farming_weeding,28.578294794515166,77.01576413722339,1,9721,5,2026-09-04,14:00
J00132,welding,28.342553613492107,77.28987424700638,5,2684,8,2026-09-14,12:00
J00133,electrical,28.34534915371331,76.9117994396478,4,4305,5,2026-09-12,12:00
J00134,farming_thinning,28.433891414657474,76.91862306598581,1,1238,7,2026-09-11,10:00
J00135,masonry,28.71526967329609,77.04134071117079,1,3750,4,2026-09-10,08:00
J00136,plumbing,28.621400060384055,77.3983746018133,3,4105,11,2026-09-02,10:00
J00137,carpentry,28.550938352812484,77.16572817731263,2,4502,3,2026-09-23,12:00
J00138,soil_preparation,28.418072934658802,77.150283693853,3,1196,8,2026-09-18,10:00
J00139,electrical,28.445957716247513,77.30377702147553,3,7045,2,2026-09-16,08:00
J00140,farming_thinning,28.560558101535744,77.36952707850428,4,2668,10,2026-09-23,16:00
J00141,farming_weeding,28.46506409194038,76.96584674054326,3,7366,12,2026-09-07,10:00
J00142,soil_preparation,28.419098627570364,77.36602976979599,3,8899,3,2026-09-20,12:00
J00143,farming_seeds,28.67901999329375,77.260022148649,4,9372,12,2026-09-12,10:00
J00144,carpentry,28.6663811284451,77.50202851861697,2,1347,11,2026-09-02,08:00
J00145,farming_harvesting,28.45573779539725,77.16609872286281,2,2300,2,2026-09-04,10:00
J00146,soil_preparation,28.61313588915146,77.03020707251879,4,4348,12,2026-09-22,08:00
J00147,farming_thinning,28.867945483732115,77.26784511316666,4,6385,4,2026-09-15,12:00
J00148,soil_preparation,28.700061242963244,77.36529632937733,5,7797,12,2026-09-23,12:00
J00149,cleaning,28.328115999375328,77.41716090732608,3,6615,5,2026-09-22,10:00
J00150,carpentry,28.346344388747063,77.4596069049165,2,4644,11,2026-09-12,14:00
J00151,carpentry,28.506882194648142,77.17441653408014,1,2058,9,2026-09-04,08:00
J00152,farming_thinning,28.345164117215724,77.5042075413236,2,3057,3,2026-09-03,10:00
J00153,painting,28.643208260222767,77.38613985561645,2,4871,10,2026-09-17,08:00
J00154,plumbing,28.74889346286241,77.09587778188657,2,5012,8,2026-09-05,10:00
J00155,painting,28.463281658299717,77.08021173401067,4,4299,6,2026-09-22,14:00
J00156,farming_pruning,28.884507915397982,77.1247491612356,4,3748,9,2026-09-22,14:00
J00157,plumbing,28.617075532561813,77.3499568627183,2,8897,2,2026-09-08,14:00
J00158,plumbing,28.82632532618299,77.36431499344017,3,9801,4,2026-09-07,16:00
J00159,welding,28.41931959072929,77.13727014236295,3,8431,6,2026-09-04,14:00
J00160,carpentry,28.67751521399399,76.95216378980831,2,8688,5,2026-09-05,10:00
J00161,farming_thinning,28.316408330402528,77.4259930763574,3,9051,8,2026-09-17,14:00
J00162,plumbing,28.896195582036054,77.13288693861979,4,6043,12,2026-09-08,16:00
J00163,farming_pruning,28.559172550962863,76.93229613861057,1,7304,11,2026-09-03,10:00
J00164,farming_thinning,28.771670513458393,77.48325812596944,3,9349,9,2026-09-05,12:00
J00165,welding,28.348522770477413,77.140199894517,4,5043,5,2026-09-07,14:00
J00166,farming_seeds,28.86678112825063,77.125848572929,1,3422,6,2026-09-19,16:00
J00167,electrical,28.88045913299799,76.99742043394278,2,3644,2,2026-09-16,08:00
J00168,cleaning,28.369283483965983,77.33596568034686,4,7515,11,2026-09-06,08:00
J00169,carpentry,28.859869488570794,77.43460370008474,2,7993,6,2026-09-06,12:00
J00170,carpentry,28.894510058605082,77.3040916359722,4,6045,8,2026-09-14,08:00
J00171,farming_pruning,28.695608149191493,77.37501466893048,3,3338,6,2026-09-02,10:00
J00172,welding,28.55268213181649,77.09386020567904,2,9056,2,2026-09-07,08:00
J00173,farming_pruning,28.77814618078612,77.15970376332832,4,5724,8,2026-09-11,10:00
J00174,farming_weeding,28.538690833233595,77.33142831796854,2,8970,4,2026-09-15,16:00
J00175,farming_pruning,28.584296470578426,77.3976222729649,2,4292,2,2026-09-02,10:00
J00176,cleaning,28.76939881097027,77.06461114989048,4,8220,12,2026-09-04,16:00
J00177,farming_pruning,28.834917195149217,77.00867567956362,3,2404,8,2026-09-17,08:00
J00178,farming_harvesting,28.352457462433662,76.92679999100706,2,8829,9,2026-09-02,08:00
J00179,farming_seeds,28.350533880135778,77.36007921788938,1,1685,3,2026-09-19,10:00
J00180,carpentry,28.788971921977083,77.13439948196553,5,5355,9,2026-09-15,14:00
J00181,cleaning,28.516117980940813,77.1666721727992,3,6620,7,2026-09-08,10:00
J00182,soil_preparation,28.712946971195063,77.13606141893928,1,6833,7,2026-09-23,08:00
J00183,farming_seeds,28.588051555615106,77.32798496181582,2,1420,11,2026-09-09,08:00
J00184,carpentry,28.481580518110373,77.3285587728237,2,7036,9,2026-09-17,16:00
J00185,masonry,28.709225663103997,77.19411965654007,4,4079,2,2026-09-12,12:00
J00186,farming_seeds,28.69416638043019,77.43306069507787,3,8279,5,2026-09-11,16:00
J00187,electrical,28.55399911450388,77.2765554072587,1,6707,8,2026-09-07,14:00
J00188,masonry,28.82816000013724,77.45212165722455,4,5814,11,2026-09-06,10:00
J00189,welding,28.39979686693188,77.22103265730844,5,9267,2,2026-09-14,10:00
J00190,electrical,28.791992456253276,77.08980898299376,5,8648,4,2026-09-22,14:00
J00191,farming_pruning,28.603201127177368,77.23340074491904,2,4467,4,2026-09-06,08:00
J00192,farming_pruning,28.574836044126876,77.33845909364175,2,6349,8,2026-09-17,12:00
J00193,farming_thinning,28.74540498982204,77.30855960874096,1,3224,10,2026-09-19,14:00
J00194,farming_pruning,28.791224278764954,77.10868067052338,2,2059,12,2026-09-03,12:00
J00195,plumbing,28.860000275445476,77.35478069181444,4,8159,5,2026-09-10,10:00
J00196,farming_harvesting,28.38331397916217,76.96160820438587,1,6574,11,2026-09-09,10:00
J00197,welding,28.879104605979204,77.25270340571286,2,6134,8,2026-09-17,16:00
J00198,welding,28.31490709487855,76.94613096196977,5,4110,8,2026-09-18,14:00
J00199,soil_preparation,28.776668541418122,77.38751088350699,2,9515,12,2026-09-16,16:00
J00200,painting,28.447184934341546,77.14618743030364,5,8546,7,2026-09-20,10:00
J00201,farming_harvesting,28.81622999273645,77.20889959901564,4,3415,11,2026-09-17,12:00
J00202,farming_weeding,28.762135958808738,77.41847648197991,1,6245,6,2026-09-03,16:00
J00203,welding,28.387978407615957,77.50710916266294,5,8836,12,2026-09-04,10:00
J00204,electrical,28.488797062945995,77.48889742179234,1,6458,4,2026-09-02,10:00
J00205,welding,28.874559744488085,77.04404304006879,1,3933,9,2026-09-04,14:00
J00206,farming_harvesting,28.904533725293035,77.30455018654038,2,1353,10,2026-09-10,14:00
J00207,soil_preparation,28.567362483039048,77.19305297096214,3,7412,8,2026-09-14,08:00
J00208,carpentry,28.749952760257006,77.0784184498327,2,9978,8,2026-09-04,08:00
J00209,farming_weeding,28.507951151360274,77.38376647904687,1,5981,9,2026-09-18,10:00
J00210,painting,28.39643657568343,77.32657331557174,3,3372,5,2026-09-19,10:00
J00211,cleaning,28.762929510597832,77.35019133793371,1,6934,11,2026-09-13,08:00
J00212,masonry,28.785199551375886,77.42405845553102,4,7997,12,2026-09-09,10:00
J00213,farming_seeds,28.371528639141847,77.49349525597934,2,1859,3,2026-09-18,16:00
J00214,masonry,28.516991491431263,77.1692928637105,2,7619,5,2026-09-02,08:00
J00215,farming_pruning,28.458413252660534,77.20217553625713,5,3826,12,2026-09-05,14:00
J00216,cleaning,28.728976909919815,77.38619512583645,1,8596,12,2026-09-22,14:00
J00217,farming_harvesting,28.693300108694416,77.17607096860107,1,2966,3,2026-09-06,08:00
J00218,farming_pruning,28.60743106457625,77.31027532590245,5,4685,2,2026-09-02,16:00
J00219,painting,28.90630960138722,77.19669901964244,1,3967,8,2026-09-02,14:00
J00220,masonry,28.735542190666454,77.08801800828319,2,2629,7,2026-09-22,08:00
J00221,welding,28.85922831398641,77.38613489623745,2,7640,2,2026-09-23,14:00
J00222,carpentry,28.804377705909687,77.3790847334215,5,9004,3,2026-09-18,16:00
J00223,painting,28.637289071436594,77.4002965631041,1,4399,12,2026-09-06,08:00
J00224,farming_weeding,28.831102065583032,77.32612953379723,1,8327,7,2026-09-08,08:00
J00225,farming_seeds,28.391189594300453,77.03273794012952,2,2438,10,2026-09-14,12:00
J00226,cleaning,28.334903167709456,77.4969570608946,5,5891,7,2026-09-17,16:00
J00227,farming_weeding,28.567730796377823,77.47613709082377,1,5068,6,2026-09-19,08:00
J00228,carpentry,28.85667170799435,77.08503809681159,5,8289,4,2026-09-12,16:00
J00229,electrical,28.73096089666308,77.22259975596123,3,9818,10,2026-09-02,10:00
J00230,welding,28.373305478817002,77.40085797741146,2,1601,5,2026-09-19,10:00
J00231,farming_harvesting,28.827551103523202,77.03812776451151,2,4539,11,2026-09-17,12:00
J00232,farming_harvesting,28.390995268945865,77.28238764558144,1,5177,6,2026-09-13,14:00
J00233,masonry,28.856095960119305,77.14903562535078,1,5164,12,2026-09-16,14:00
J00234,welding,28.399846370076705,77.0312577381308,3,4156,7,2026-09-14,16:00
J00235,masonry,28.70256266677011,77.21585646655386,2,7876,4,2026-09-09,12:00
J00236,cleaning,28.574076278854648,76.92454591788658,5,5055,3,2026-09-09,12:00
J00237,farming_pruning,28.632782099285677,77.31938754827546,4,2080,7,2026-09-05,08:00
J00238,soil_preparation,28.85944723352276,77.37584257063234,2,4698,6,2026-09-21,08:00
J00239,farming_pruning,28.54019358908304,77.49026409153146,4,2720,3,2026-09-15,10:00
J00240,carpentry,28.75089644897362,77.09292973209394,4,2565,10,2026-09-22,12:00
J00241,welding,28.657194844919736,77.07819803418909,3,2623,2,2026-09-01,10:00
J00242,soil_preparation,28.881806183385283,77.14273799851837,3,9711,10,2026-09-17,16:00
J00243,plumbing,28.600017121244864,76.98554332187352,1,9414,4,2026-09-03,10:00
J00244,farming_weeding,28.541180398760265,77.35025342488603,1,7064,5,2026-09-08,16:00
J00245,plumbing,28.737972057565095,77.01886271547806,3,8678,10,2026-09-22,12:00
J00246,farming_harvesting,28.885469793348456,77.22135679809008,2,6000,12,2026-09-04,08:00
J00247,farming_harvesting,28.557808870684706,77.0966421474453,1,2302,3,2026-09-02,10:00
J00248,farming_pruning,28.412967875334548,76.94344691338205,3,9074,2,2026-09-16,14:00
J00249,masonry,28.619109417339153,77.34747841979457,4,9156,10,2026-09-17,16:00
J00250,welding,28.388714951742315,76.91734015734325,2,1119,8,2026-09-08,16:00
J00251,welding,28.520936375601114,77.5055331676855,5,1693,11,2026-09-07,14:00
J00252,farming_weeding,28.718613301048514,77.4381583393382,5,4687,4,2026-09-06,08:00
J00253,soil_preparation,28.8175453610658,77.21721069040876,1,7925,9,2026-09-15,14:00
J00254,farming_weeding,28.53787021935759,76.97694010551852,2,9832,3,2026-09-14,12:00
J00255,farming_harvesting,28.603774809802527,77.06785047262788,1,7449,5,2026-09-04,12:00
J00256,masonry,28.623217407723043,77.44505071471079,4,8999,2,2026-09-22,12:00
J00257,farming_seeds,28.683218149061595,77.10613108076909,3,2755,2,2026-09-22,12:00
J00258,welding,28.42559462383718,77.12171939430623,1,8058,9,2026-09-09,10:00
J00259,farming_pruning,28.631357937513226,77.44810597482493,4,3029,9,2026-09-07,08:00
J00260,farming_weeding,28.775568564334364,77.05908085173114,4,7477,7,2026-09-16,12:00
J00261,soil_preparation,28.570904881913336,77.01830922420216,3,2780,9,2026-09-19,14:00
J00262,farming_weeding,28.397824640806338,77.35725465277118,1,6885,5,2026-09-03,08:00
J00263,farming_thinning,28.48483985843773,76.98920819899982,4,6426,2,2026-09-05,10:00
J00264,masonry,28.433295154483808,77.1965769911395,3,2946,8,2026-09-10,14:00
J00265,carpentry,28.611240557574423,77.3180418892249,2,6322,8,2026-09-06,16:00
J00266,welding,28.868036750438332,77.41483774816531,4,3153,3,2026-09-19,08:00
J00267,cleaning,28.326591324022967,77.00232519327456,5,1223,12,2026-09-19,10:00
J00268,farming_seeds,28.72088619110809,77.11428459890037,5,1131,8,2026-09-17,14:00
J00269,farming_harvesting,28.483234021892827,76.95856893814013,4,5059,11,2026-09-01,10:00
J00270,welding,28.62064390131322,77.05868007183584,1,5317,5,2026-09-03,14:00
J00271,farming_thinning,28.59823569687513,77.37863015262762,1,9230,11,2026-09-13,10:00
J00272,farming_thinning,28.90943100103828,77.26371771938611,2,4758,3,2026-09-09,10:00
J00273,plumbing,28.336919858928898,77.50323927750667,2,7984,2,2026-09-16,16:00
J00274,farming_thinning,28.368461258246082,76.9395732192711,4,9601,6,2026-09-20,10:00
J00275,farming_thinning,28.515606710872394,77.1965171425701,5,7997,12,2026-09-22,08:00
J00276,farming_harvesting,28.379932969665138,77.1271456876422,3,7849,5,2026-09-02,12:00
J00277,farming_seeds,28.42295097443263,76.90932155686079,3,4473,6,2026-09-12,14:00
J00278,farming_harvesting,28.858989184969015,76.96945701994407,2,5133,9,2026-09-14,12:00
J00279,soil_preparation,28.49651401703147,76.9671323325736,1,3134,7,2026-09-14,12:00
J00280,welding,28.799921147793764,77.35475921198193,5,9664,11,2026-09-13,12:00
J00281,farming_thinning,28.704049005990985,77.0350199811354,4,2429,3,2026-09-23,10:00
J00282,masonry,28.759452462049584,76.98121260834205,5,4120,5,2026-09-08,14:00
J00283,farming_pruning,28.358827760698578,77.23694741370832,3,5939,9,2026-09-16,10:00
J00284,carpentry,28.74636167966875,76.93528666368648,2,7851,10,2026-09-09,12:00
J00285,cleaning,28.825962976566352,77.45308890855468,3,6996,9,2026-09-12,08:00
J00286,plumbing,28.35452509752581,77.16040249665274,5,1358,4,2026-09-10,16:00
J00287,farming_harvesting,28.73192373662958,76.9863605419233,1,1996,5,2026-09-06,14:00
J00288,electrical,28.72471656753631,77.4311534319825,1,3711,9,2026-09-03,16:00
J00289,plumbing,28.65139915411788,77.14314814055346,5,5448,5,2026-09-04,10:00
J00290,farming_seeds,28.409901833253645,77.03968463321975,1,9401,9,2026-09-20,16:00
J00291,welding,28.74624749969128,77.06430077056622,2,5855,6,2026-09-06,16:00
J00292,farming_pruning,28.41656545813052,76.9363674795042,2,5781,2,2026-09-09,10:00
J00293,farming_harvesting,28.87024877443152,77.07126091328286,1,5079,5,2026-09-01,16:00
J00294,farming_pruning,28.31473997688582,77.11747713932104,5,7047,7,2026-09-09,08:00
J00295,welding,28.84429183266137,77.06742290843464,2,7690,11,2026-09-20,12:00
J00296,soil_preparation,28.90505677054493,77.28457318277324,1,6824,5,2026-09-08,12:00
J00297,farming_weeding,28.467492327110193,76.91838309373284,5,2743,8,2026-09-22,12:00
J00298,masonry,28.694483324749807,77.23952668216597,4,4614,7,2026-09-23,12:00
J00299,farming_thinning,28.662898279704752,77.39363977660933,4,3550,9,2026-09-21,10:00
J00300,welding,28.749671674367356,77.13018400401623,4,2535,9,2026-09-04,10:00
J00301,electrical,28.424916813586346,77.42641130281737,2,9036,4,2026-09-12,12:00
J00302,farming_seeds,28.49999613252991,77.44015182598413,4,4077,3,2026-09-10,10:00
J00303,farming_pruning,28.569737018394115,77.18201449586063,4,2642,10,2026-09-03,10:00
J00304,welding,28.764166521310774,76.91607311750931,1,7191,8,2026-09-16,08:00
J00305,farming_pruning,28.80983734896281,77.36706745364003,1,3165,5,2026-09-01,08:00
J00306,farming_harvesting,28.399481363463096,77.2854306259139,1,1153,3,2026-09-13,16:00
J00307,welding,28.804853215979293,77.4206321282422,1,4314,4,2026-09-11,14:00
J00308,cleaning,28.65161074068125,77.17559571892976,2,6036,7,2026-09-10,14:00
J00309,farming_weeding,28.460185315107744,77.23511586313863,3,9906,3,2026-09-20,08:00
J00310,farming_seeds,28.375589187040816,77.08704309473589,5,7804,4,2026-09-11,08:00
J00311,farming_thinning,28.32830052193407,77.16528125988863,2,6788,12,2026-09-21,12:00
J00312,farming_thinning,28.86691455056216,77.31965048449372,1,9057,4,2026-09-12,08:00
J00313,farming_thinning,28.37494175279945,77.48250944108582,3,2249,11,2026-09-16,12:00
J00314,farming_pruning,28.530196106234133,77.46382133591119,1,1710,11,2026-09-14,10:00
J00315,farming_weeding,28.57107704235232,77.10990643882577,2,7967,4,2026-09-07,12:00
J00316,painting,28.80443752699646,77.11803140995832,1,5441,9,2026-09-14,12:00
J00317,farming_harvesting,28.800331648911467,77.33578400933155,1,1035,4,2026-09-17,10:00
J00318,soil_preparation,28.402568109732567,77.17701723564272,4,2102,3,2026-09-07,16:00
J00319,plumbing,28.889651188665812,77.07608568548262,1,6292,4,2026-09-09,10:00
J00320,cleaning,28.544910438588005,77.10058946794662,4,8885,8,2026-09-14,16:00
J00321,cleaning,28.695862510944004,76.9919327663875,2,7278,8,2026-09-13,16:00
J00322,electrical,28.637148344065714,77.2045608436427,5,4770,8,2026-09-14,08:00
J00323,painting,28.742852631749994,77.22516756727343,2,2429,5,2026-09-15,12:00
J00324,farming_seeds,28.43586779993432,77.41935706557553,3,8764,4,2026-09-06,08:00
J00325,farming_seeds,28.86071715674407,77.1255151216779,2,5828,9,2026-09-14,10:00
J00326,carpentry,28.896991760864893,77.4567723453391,2,4452,5,2026-09-23,08:00
J00327,welding,28.396580787670178,77.48623119122884,2,7184,2,2026-09-06,14:00
J00328,soil_preparation,28.346350007057495,76.97260589860117,5,2208,9,2026-09-11,16:00
J00329,farming_weeding,28.332011438215762,77.12814653096174,1,5014,3,2026-09-03,08:00
J00330,painting,28.812540795709392,77.15889692188674,2,8696,4,2026-09-09,16:00
J00331,welding,28.883159458629077,77.1911107003608,3,8274,12,2026-09-04,08:00
J00332,farming_harvesting,28.380659999793266,76.94500047922652,1,3843,10,2026-09-13,10:00
J00333,farming_seeds,28.55173441409177,77.16317245930391,4,5227,11,2026-09-09,16:00
J00334,farming_harvesting,28.739511689212836,77.16320215695255,2,5453,3,2026-09-04,16:00
J00335,plumbing,28.90065577022615,76.98408001361699,2,7560,11,2026-09-03,08:00
J00336,farming_thinning,28.54927457518441,77.40250297933517,5,2264,9,2026-09-21,14:00
J00337,soil_preparation,28.705519971283785,77.15205992496277,4,3700,2,2026-09-07,12:00
J00338,masonry,28.568433133781244,77.07095173610033,1,2274,7,2026-09-15,16:00
J00339,cleaning,28.821865564737344,76.92582931589871,3,3666,10,2026-09-12,08:00
J00340,farming_pruning,28.441045968066653,76.91558620785112,3,4075,10,2026-09-09,10:00
J00341,masonry,28.87142114519045,77.05320109213517,1,1735,11,2026-09-05,14:00
J00342,farming_seeds,28.3427293405529,76.96492656110306,3,1138,7,2026-09-07,12:00
J00343,plumbing,28.614029649914283,77.09768346550395,4,6830,4,2026-09-01,08:00
J00344,soil_preparation,28.5582719367527,77.3538708050113,1,9227,4,2026-09-06,08:00
J00345,painting,28.79154157823672,77.19517182040077,1,5753,4,2026-09-03,10:00
J00346,masonry,28.591763733822493,77.44012232368866,1,4794,5,2026-09-15,10:00
J00347,cleaning,28.745032721130762,77.50504997767658,5,9459,11,2026-09-07,16:00
J00348,cleaning,28.51874917363888,77.3802111151123,3,5765,7,2026-09-14,16:00
J00349,plumbing,28.337907741618217,77.33665748846907,4,4917,5,2026-09-02,16:00
J00350,painting,28.358898973420334,77.00044084408984,4,2595,2,2026-09-16,10:00
J00351,cleaning,28.836174488104326,77.2372816314736,1,9174,3,2026-09-21,14:00
J00352,soil_preparation,28.415730583516016,77.0863649073905,1,5589,11,2026-09-12,12:00
J00353,soil_preparation,28.367437544926112,77.01651175155038,4,5226,9,2026-09-22,12:00
J00354,cleaning,28.83989472154101,77.2991752498336,2,3031,11,2026-09-20,14:00
J00355,farming_seeds,28.531983266283586,77.08097504073801,4,3113,9,2026-09-12,12:00
J00356,carpentry,28.820801386192286,77.48022697523376,3,2367,12,2026-09-16,14:00
J00357,carpentry,28.583955363757138,77.43544517366084,1,1934,5,2026-09-03,16:00
J00358,farming_seeds,28.40663734027025,76.97217880432603,4,3592,11,2026-09-01,14:00
J00359,farming_pruning,28.44773077407579,77.43349533102935,1,6716,9,2026-09-18,14:00
J00360,masonry,28.634969453210203,77.3999738472023,1,2406,4,2026-09-05,08:00
J00361,plumbing,28.774829990260816,77.02868259990895,3,2056,7,2026-09-09,12:00
J00362,painting,28.605677009722452,77.33037450311163,4,2873,6,2026-09-19,14:00
J00363,farming_seeds,28.640948733036552,77.47812020803974,2,4497,7,2026-09-20,16:00
J00364,farming_seeds,28.90658644571786,77.37352331414947,1,6922,8,2026-09-15,14:00
J00365,farming_thinning,28.346346509055017,77.42981236104492,4,5421,6,2026-09-18,10:00
J00366,farming_pruning,28.39894273624387,77.07334319051387,1,5887,9,2026-09-11,14:00
J00367,carpentry,28.44236294195791,77.44484403362624,2,1880,3,2026-09-19,14:00
J00368,soil_preparation,28.891919461422457,77.08714298941732,2,6722,8,2026-09-09,14:00
J00369,electrical,28.635203774515528,77.37931443488907,4,6811,11,2026-09-21,14:00
J00370,farming_seeds,28.65044506556573,77.44526757382063,2,2274,12,2026-09-14,16:00
J00371,painting,28.4006703437376,77.30743776368962,3,1232,4,2026-09-19,14:00
J00372,farming_weeding,28.613567401005184,77.09884470269206,4,5305,10,2026-09-16,08:00
J00373,electrical,28.879894247045417,77.42336024066381,4,2596,2,2026-09-22,10:00
J00374,welding,28.901319193331855,77.16110566534003,5,3721,11,2026-09-08,14:00
J00375,farming_thinning,28.522751332410113,77.48042612870556,5,1235,7,2026-09-13,12:00
J00376,farming_seeds,28.49506668267543,77.09317925314048,1,9177,12,2026-09-02,14:00
J00377,plumbing,28.560132086502296,77.12032673246348,5,7977,10,2026-09-14,12:00
J00378,farming_pruning,28.86970931533492,77.18429413891606,3,3898,10,2026-09-20,16:00
J00379,farming_weeding,28.639557727282686,77.13793799372775,4,5640,11,2026-09-17,08:00
J00380,farming_pruning,28.79746385754303,76.9712872237398,1,7738,3,2026-09-08,14:00
J00381,welding,28.764936055194553,77.4653373455915,1,8276,10,2026-09-08,16:00
J00382,cleaning,28.333481322376624,77.08294267552364,4,4471,5,2026-09-08,14:00
J00383,carpentry,28.54254789864943,77.02633614291106,4,3038,7,2026-09-02,14:00
J00384,plumbing,28.858696141179287,77.29591564963982,4,1124,7,2026-09-21,10:00
J00385,carpentry,28.484062653629227,77.43676429649598,3,6036,8,2026-09-04,10:00
J00386,farming_seeds,28.85401235196468,77.15773399600093,1,1430,4,2026-09-04,12:00
J00387,carpentry,28.805920634150112,77.26896740453306,3,3792,11,2026-09-14,14:00
J00388,farming_thinning,28.64734374883245,77.14381743570861,5,7444,2,2026-09-16,16:00
J00389,plumbing,28.3912222786459,77.2907640947867,2,7604,7,2026-09-10,16:00
J00390,farming_weeding,28.57634095220105,76.9687467543633,2,9261,3,2026-09-23,16:00
J00391,cleaning,28.54910730663701,77.36630312151009,3,3605,7,2026-09-22,10:00
J00392,farming_pruning,28.369859244187058,77.17145262329969,5,3507,2,2026-09-06,16:00
J00393,welding,28.64010349192885,77.49243993013549,5,7265,2,2026-09-10,10:00
J00394,electrical,28.69457789062039,77.37555384909267,2,4927,12,2026-09-04,10:00
J00395,farming_harvesting,28.430197348747033,77.41327407582963,4,5267,12,2026-09-02,08:00
J00396,farming_harvesting,28.363678021581364,76.99526171779978,1,2694,3,2026-09-09,14:00
J00397,painting,28.387510593857215,76.99410123170523,3,3959,3,2026-09-06,08:00
J00398,electrical,28.82067416784196,77.45663147758685,2,7402,3,2026-09-06,14:00
J00399,cleaning,28.327074181045944,76.953145581811,1,4445,12,2026-09-22,14:00
J00400,plumbing,28.847728112394744,77.28913107884662,4,3639,4,2026-09-21,12:00
J00401,farming_seeds,28.856082902300404,77.30479983607215,5,1515,3,2026-09-08,12:00
J00402,soil_preparation,28.604246595622225,77.27740299785134,5,1082,4,2026-09-08,16:00
J00403,welding,28.466600613110884,76.98195616653344,5,1484,10,2026-09-05,08:00
J00404,carpentry,28.62094683256579,77.00040760995287,3,2880,5,2026-09-04,08:00
J00405,soil_preparation,28.397039012246257,76.95906565627938,2,5384,6,2026-09-20,14:00
J00406,farming_thinning,28.88583761658059,77.11813202781119,5,5822,9,2026-09-04,14:00
J00407,plumbing,28.62149392803764,77.14896529097415,2,5097,4,2026-09-08,10:00
J00408,masonry,28.821521466609756,77.33943768084534,4,2685,11,2026-09-18,16:00
J00409,farming_harvesting,28.413291869280187,77.03249908182217,4,8101,9,2026-09-17,14:00
J00410,painting,28.762147562073203,77.39853531973995,5,2762,11,2026-09-13,14:00
J00411,plumbing,28.433732464607697,77.12074930352253,1,8363,4,2026-09-03,08:00
J00412,carpentry,28.465738196457337,77.15488495922152,5,9691,7,2026-09-06,14:00
J00413,farming_seeds,28.38268997167902,77.39442428011901,4,4046,7,2026-09-08,10:00
J00414,farming_pruning,28.443010498682952,77.13199617695197,2,6151,3,2026-09-13,08:00
J00415,soil_preparation,28.726875448418713,77.33908157310874,2,8624,11,2026-09-04,12:00
J00416,farming_thinning,28.65088435008333,77.1403545299334,5,4476,10,2026-09-14,10:00
J00417,farming_pruning,28.650475220278125,77.33875937399822,1,7909,12,2026-09-12,14:00
J00418,soil_preparation,28.801936684632846,77.02789024763014,1,9092,9,2026-09-21,08:00
J00419,farming_harvesting,28.56664234765437,76.9834556074714,2,6355,11,2026-09-14,14:00
J00420,farming_thinning,28.659748290717314,77.08002214851008,5,1076,9,2026-09-08,12:00
J00421,farming_weeding,28.818885718280914,77.15068647395228,5,9642,2,2026-09-20,12:00
J00422,masonry,28.323663375235146,77.19093601114356,4,5931,6,2026-09-11,12:00
J00423,cleaning,28.52139468088304,76.95686032538019,3,9090,11,2026-09-12,08:00
J00424,plumbing,28.492966288604396,77.49938010293803,4,2989,7,2026-09-04,16:00
J00425,farming_pruning,28.33147290910489,76.9377005431598,1,3273,3,2026-09-07,12:00
J00426,welding,28.74845201582171,77.04480475376633,1,4131,7,2026-09-05,16:00
J00427,farming_seeds,28.87436621362079,77.42980892347913,3,1705,3,2026-09-04,08:00
J00428,farming_harvesting,28.3589253051388,77.10659738454784,5,7218,6,2026-09-08,10:00
J00429,farming_weeding,28.663971922513966,76.98094085177611,3,3424,11,2026-09-12,14:00
J00430,masonry,28.58196784421907,76.98242398548915,5,4940,11,2026-09-01,14:00
J00431,masonry,28.60796230439104,77.07732496071716,4,4700,3,2026-09-01,12:00
J00432,cleaning,28.491640512988187,76.95867656442378,5,4971,12,2026-09-07,10:00
J00433,welding,28.36071003723358,77.49205912536952,1,4481,2,2026-09-16,10:00
J00434,electrical,28.805006866531343,77.02175045791707,1,6577,5,2026-09-08,16:00
J00435,cleaning,28.63048678284553,77.42407530054462,3,8438,12,2026-09-15,10:00
J00436,carpentry,28.377296285090413,76.98703630628638,3,7317,9,2026-09-14,16:00
J00437,carpentry,28.435712436491347,77.1491229434667,1,5552,8,2026-09-06,10:00
J00438,masonry,28.498188067898877,77.4308988280471,1,3413,9,2026-09-05,08:00
J00439,welding,28.380019506540428,76.91895276075944,4,4064,6,2026-09-05,08:00
J00440,electrical,28.711031302345777,77.1805845496295,3,2938,10,2026-09-08,08:00
J00441,soil_preparation,28.572784182030258,76.99937202774106,5,8059,10,2026-09-02,12:00
J00442,farming_seeds,28.578704358508837,77.13086840518332,1,7267,8,2026-09-08,10:00
J00443,farming_harvesting,28.427569780206795,77.01498706272565,3,9676,11,2026-09-05,14:00
J00444,carpentry,28.574039205049804,77.31769631491544,2,2819,5,2026-09-05,08:00
J00445,farming_seeds,28.85093507647971,77.25413830214521,2,2078,10,2026-09-07,08:00
J00446,farming_harvesting,28.449779009437265,77.28113244452855,4,7421,8,2026-09-14,08:00
J00447,farming_thinning,28.75425462360413,77.43671660249689,3,9112,5,2026-09-17,10:00
J00448,cleaning,28.43604528775647,77.291139527595,5,5718,2,2026-09-01,08:00
J00449,farming_weeding,28.615844091503842,77.32928273622149,4,6002,5,2026-09-08,10:00
J00450,soil_preparation,28.72276549086625,77.0089872722656,3,8458,4,2026-09-23,08:00
J00451,masonry,28.59866041448678,77.10943248990549,2,5322,3,2026-09-06,10:00
J00452,masonry,28.7700564513434,76.91484032503071,3,8763,11,2026-09-09,08:00
J00453,electrical,28.83783112293263,77.19254094673418,1,1284,11,2026-09-16,12:00
J00454,farming_thinning,28.629061510571002,77.00938284251836,2,2538,3,2026-09-02,12:00
J00455,cleaning,28.755611877296914,77.18056981151102,3,9940,6,2026-09-05,14:00
J00456,farming_harvesting,28.53247359912433,76.91713663226851,3,5933,7,2026-09-15,16:00
J00457,cleaning,28.712262214223845,77.42807664493695,5,8935,3,2026-09-16,12:00
J00458,masonry,28.625485340178976,77.29288018617359,2,7722,5,2026-09-22,10:00
J00459,soil_preparation,28.612599338872304,77.0556206829738,4,6888,5,2026-09-15,08:00
J00460,farming_thinning,28.866288353443807,77.13566695552498,1,5487,12,2026-09-03,16:00
J00461,electrical,28.90629899944502,77.43465570411193,2,5346,12,2026-09-14,12:00
J00462,soil_preparation,28.548515735363132,77.1593765714702,3,6067,5,2026-09-16,08:00
J00463,painting,28.625946639778476,77.11496466586368,5,3014,8,2026-09-18,14:00
J00464,painting,28.894791821351017,77.38440430730729,3,2805,2,2026-09-05,14:00
J00465,masonry,28.40217865332209,77.31755384089155,5,5747,11,2026-09-01,16:00
J00466,masonry,28.41146409363588,77.20109487865088,1,5828,2,2026-09-04,14:00
J00467,farming_seeds,28.44429518125214,77.40428236058237,1,1871,9,2026-09-21,12:00
J00468,farming_seeds,28.572093697119904,77.30515198895682,1,1817,6,2026-09-06,10:00
J00469,soil_preparation,28.841133257665927,77.38015797933494,5,3540,3,2026-09-10,12:00
J00470,farming_weeding,28.91144855364436,77.02703644790672,5,2322,6,2026-09-17,10:00
J00471,farming_seeds,28.597806660674223,77.12177934274999,4,7923,8,2026-09-13,08:00
J00472,farming_harvesting,28.866016477349504,77.26722327573927,2,8140,12,2026-09-04,12:00
J00473,cleaning,28.66080045031537,77.31899271020738,2,5096,4,2026-09-06,14:00
J00474,carpentry,28.43361390530942,77.0919976577413,3,8555,10,2026-09-07,10:00
J00475,plumbing,28.783343439882643,77.40931140790981,1,3270,10,2026-09-10,14:00
J00476,welding,28.501856277298103,77.46992788883372,3,8673,7,2026-09-05,14:00
J00477,electrical,28.566203398973258,77.15515517464854,1,1432,8,2026-09-15,08:00
J00478,cleaning,28.398251354607382,77.4531092698383,2,9391,7,2026-09-21,10:00
J00479,painting,28.63986173092684,77.24834476022932,3,1877,8,2026-09-06,10:00
J00480,plumbing,28.715947538783936,77.18668469068773,5,8540,2,2026-09-10,08:00
J00481,farming_seeds,28.47600490687144,77.50070411370642,1,6463,11,2026-09-20,08:00
J00482,farming_harvesting,28.65316604009331,77.3233557414322,1,2989,11,2026-09-11,16:00
J00483,welding,28.744070826850923,77.32994359936595,5,3361,10,2026-09-12,14:00
J00484,farming_weeding,28.44802615013891,77.31440845680089,2,5929,12,2026-09-18,12:00
J00485,welding,28.90739517793893,76.91287048038372,4,4288,3,2026-09-14,08:00
J00486,farming_seeds,28.405713251095076,77.43693943787083,5,2587,5,2026-09-05,10:00
J00487,farming_pruning,28.598145441964224,77.40863587152573,4,7401,2,2026-09-05,08:00
J00488,farming_harvesting,28.5566344016003,77.49861775981208,2,9957,6,2026-09-18,16:00
J00489,masonry,28.577377910426172,77.30389559211056,1,8083,4,2026-09-15,08:00
J00490,farming_weeding,28.39891171090551,77.35575909425675,2,3797,10,2026-09-15,16:00
J00491,farming_thinning,28.599595039393606,77.08302171323948,1,9076,7,2026-09-22,12:00
J00492,plumbing,28.54539247332358,77.38891311747135,4,7830,8,2026-09-09,10:00
J00493,farming_seeds,28.483953332107138,76.98107589848732,4,1180,11,2026-09-01,12:00
J00494,farming_seeds,28.700965392660002,77.44493258406457,5,8282,2,2026-09-14,12:00
J00495,farming_weeding,28.59464426449429,77.34283916076281,3,1149,4,2026-09-10,12:00
J00496,carpentry,28.827403743086855,77.2109233727937,3,9602,8,2026-09-03,16:00
J00497,farming_pruning,28.41859812746012,76.99984162869394,5,6558,9,2026-09-03,10:00
J00498,farming_harvesting,28.784876563226913,77.30406636695383,4,2117,12,2026-09-19,14:00
J00499,plumbing,28.891433005796756,77.27250507881779,2,9306,12,2026-09-12,16:00
