worker_id,skill,experience_years,latitude,longitude,availability,expected_wage,rating,has_transport
W00000,masonry,3,28.138910755222668,76.98402931836912,afternoon,585,4.3,True
W00001,painting,13,28.145682679481784,76.80269523986159,afternoon,1334,4.0,True
W00002,welding,20,28.815224973590237,77.12851982096166,full_day,869,4.5,True
W00003,cleaning,25,28.27355931637689,77.1316143981535,evening,618,3.0,False
W00004,farming_pruning,2,28.49382730063734,77.06797938048463,evening,841,4.5,False
W00005,carpentry,3,29.087015763979373,77.08753437720836,evening,1040,3.9,True
W00006,farming_seeds,21,28.34179827565155,76.99838796360211,morning,776,4.7,False
W00007,farming_harvesting,14,28.7495844442644,77.0738321789701,evening,1027,3.0,False
W00008,welding,29,28.79744766553667,76.78040250957855,afternoon,1393,4.3,True
W00009,electrical,12,28.38384782678428,77.63439117962122,afternoon,964,4.6,True
W00010,farming_thinning,26,28.146000243904037,77.02445304805909,evening,435,3.0,False
W00011,farming_thinning,20,28.613131259492278,77.5936831538867,full_day,592,3.2,True
W00012,welding,17,28.65287728966729,77.45601381165226,full_day,1495,3.5,True
W00013,farming_weeding,16,28.607415834889633,77.46478215753375,morning,613,4.1,False
W00014,painting,2,28.498667311674502,77.30488842836112,full_day,1383,3.1,True
W00015,masonry,23,28.228451742983687,77.59378845012911,evening,996,2.8,False
W00016,farming_weeding,14,28.11714531610173,77.43109206130991,evening,1325,4.4,True
W00017,masonry,9,28.955569348172467,77.21666288197764,afternoon,613,3.4,True
W00018,carpentry,30,28.892526478630558,77.23935367219518,morning,963,3.7,True
W00019,soil_preparation,28,29.099221378943813,77.51577480479713,afternoon,418,3.1,True
W00020,farming_pruning,23,28.599890463316616,76.7782125184684,afternoon,562,4.1,True
W00021,farming_harvesting,16,28.98633304108526,77.13213794020089,afternoon,1404,4.4,True
W00022,welding,9,28.51289229999743,77.38068695963828,evening,1197,4.7,False
W00023,farming_pruning,7,28.33859733703156,77.04708556214746,afternoon,751,2.5,True
W00024,farming_thinning,2,29.01932001300613,77.56863540025375,morning,1352,3.1,False
W00025,farming_thinning,17,28.246211848725025,77.64451424058068,full_day,797,4.5,False
W00026,farming_thinning,3,28.210830814228824,77.14005118240638,full_day,1141,3.7,True
W00027,masonry,20,29.098065211365967,76.80741787115196,full_day,994,4.5,True
W00028,farming_thinning,6,28.304108908440814,77.15761354783314,full_day,675,3.2,True
W00029,farming_pruning,14,28.921922244731704,77.56496689246838,morning,403,4.1,True
W00030,farming_pruning,29,28.867465504019677,76.94537949054175,full_day,1294,3.7,False
W00031,farming_seeds,5,28.492873118976917,77.69430884377972,evening,1231,3.2,False
W00032,farming_weeding,6,28.410607825494566,77.67770936496916,morning,942,2.6,False
W00033,carpentry,29,28.966619892048286,76.86643272793948,morning,680,2.7,True
W00034,masonry,27,28.349103895000933,76.82888661394713,afternoon,1485,4.0,True
W00035,plumbing,21,28.697572289291227,77.23178271553196,evening,718,4.2,False
W00036,farming_thinning,8,28.509685846791257,77.38069022295997,evening,1236,3.3,True
W00037,farming_seeds,14,28.735059255493095,77.27199364563894,morning,450,3.8,False
W00038,farming_weeding,29,28.462908834964516,76.77779131406002,afternoon,1056,3.2,False
W00039,carpentry,22,28.41641714297889,77.69285331025148,morning,1435,3.2,True
W00040,farming_weeding,8,28.229328670419104,76.81603597770942,afternoon,857,3.2,True
W00041,welding,10,28.317497312327454,77.34323795888508,evening,1335,3.7,True
W00042,farming_pruning,20,28.537475772563727,76.98568022397225,morning,983,4.4,False
W00043,farming_weeding,23,28.555735511860853,77.41466744675999,morning,529,2.7,True
W00044,carpentry,1,28.948495019886018,77.2915095664898,afternoon,1180,2.8,False
W00045,soil_preparation,28,29.046988010520653,77.68119626501726,morning,1032,3.0,True
W00046,masonry,3,28.46757863461462,77.26888351914387,full_day,616,4.8,True
W00047,farming_weeding,25,28.9246717199404,77.59041620466333,morning,667,4.3,False
W00048,cleaning,29,28.525613166551555,77.3789071292882,afternoon,846,2.9,True
W00049,plumbing,27,28.15262460766579,77.17969002108599,afternoon,1242,3.4,True
W00050,farming_thinning,0,28.773933182748628,77.10746597856479,evening,442,4.9,False
W00051,soil_preparation,20,28.623305675528037,77.38851811836027,evening,356,2.8,False
W00052,farming_weeding,18,29.076434315761556,76.97446636252297,morning,1189,3.4,False
W00053,plumbing,19,29.09813584931659,76.82464578402933,afternoon,821,2.6,False
W00054,farming_seeds,16,29.039475165499084,77.2474519970928,afternoon,1045,3.6,False
W00055,painting,10,28.777287476265546,76.83362531566438,evening,1338,3.3,False
W00056,soil_preparation,12,28.8111084141944,77.26341247766679,afternoon,1161,4.2,False
W00057,masonry,23,29.016705545732584,77.32451491595138,evening,1131,3.9,True
W00058,farming_harvesting,9,28.324082684882644,77.49475882747758,evening,1252,3.6,True
W00059,carpentry,15,28.907635399106002,77.66883200368304,afternoon,473,3.2,False
W00060,farming_pruning,26,29.065899662452477,76.94386859852669,evening,760,4.5,True
W00061,farming_seeds,1,28.35874254407835,77.18413634421881,morning,1232,3.5,True
W00062,welding,22,28.497878467392752,77.10865286287654,afternoon,311,4.7,True
W00063,cleaning,13,28.33274113681232,77.51310985617314,full_day,402,3.9,True
W00064,electrical,4,28.915316601722264,77.37657773258636,evening,1206,4.0,False
W00065,carpentry,14,29.011108103233262,77.45265544215958,full_day,1221,3.1,True
W00066,masonry,8,28.879713684297165,77.23029981282798,afternoon,862,3.6,False
W00067,farming_thinning,8,28.449747536621317,77.60202683279032,morning,583,2.9,False
W00068,welding,4,28.820319141694554,76.77322885071388,full_day,977,3.9,False
W00069,farming_seeds,6,28.94679116934049,77.09847681266695,morning,1479,3.5,True
W00070,soil_preparation,9,28.867375125059386,77.56244795056911,full_day,1402,4.4,True
W00071,electrical,7,28.386835311763257,77.1946419937985,full_day,988,4.2,False
W00072,welding,5,28.95440566306256,77.62854162066898,morning,1106,4.0,True
W00073,farming_pruning,20,28.542512769661094,77.57585135559513,afternoon,402,3.2,False
W00074,farming_thinning,14,28.44074580488131,77.47022970789403,full_day,869,4.4,False
W00075,farming_harvesting,26,28.195806232761644,76.72838328705001,morning,1016,3.1,True
W00076,cleaning,30,28.76565465524389,77.46323320405953,afternoon,708,4.6,True
W00077,farming_thinning,4,28.58746106094613,76.8233894461093,afternoon,1252,4.2,False
W00078,farming_weeding,19,28.721147493890932,77.45692565195529,morning,635,4.9,True
W00079,painting,0,29.042787168407123,77.28479672841242,full_day,1112,4.9,True
W00080,farming_pruning,18,28.80451441593298,77.33624239560105,morning,917,4.6,True
W00081,cleaning,18,28.89653534636102,77.05620376530845,full_day,1058,2.7,False
W00082,farming_seeds,27,28.53395874084183,77.19920170499041,full_day,1041,4.1,False
W00083,welding,4,28.549387145007678,77.4427953040134,evening,1402,4.4,False
W00084,plumbing,26,28.844926214305122,76.97739553804922,afternoon,477,3.2,False
W00085,farming_thinning,24,28.57860846660323,77.31933170423052,full_day,988,2.6,False
W00086,farming_weeding,15,28.32601985017974,77.5068323568281,evening,872,4.7,False
W00087,carpentry,0,28.630527251714934,76.9000564235271,afternoon,1132,3.7,True
W00088,welding,15,28.759802899740954,77.1998213350786,morning,490,3.2,False
W00089,welding,7,28.42010603013009,77.29055558533237,full_day,1433,3.8,False
W00090,welding,17,28.44469129719593,77.41185494218577,evening,927,3.1,True
W00091,welding,6,28.429447944005986,77.4518810636391,afternoon,692,3.0,False
W00092,farming_harvesting,23,28.70348690596079,77.46920789537309,evening,505,4.6,False
W00093,farming_thinning,11,28.293341543685404,76.72314836725607,afternoon,861,2.6,True
W00094,carpentry,9,28.811317392910194,76.8352794929584,full_day,510,4.7,False
W00095,electrical,15,28.55436879813601,76.89336367039009,morning,817,4.9,False
W00096,farming_pruning,26,28.179243435113932,77.20074656029107,morning,610,2.9,False
W00097,farming_pruning,7,28.232351562211463,77.4734434453262,afternoon,1370,3.5,False
W00098,farming_harvesting,27,28.702425138721104,77.13782983614043,morning,503,4.9,True
W00099,masonry,6,28.378546125290008,76.79018746546699,afternoon,655,3.9,True
W00100,farming_seeds,13,28.564403704617703,77.30281119511956,evening,366,3.1,False
W00101,welding,27,28.567931326407045,77.39638492007124,evening,705,3.6,True
W00102,masonry,4,29.02231144521261,77.53563115965007,morning,422,2.9,False
W00103,painting,23,28.93814030132001,77.63019252896764,full_day,554,3.7,False
W00104,welding,12,29.056576240744043,77.20947217711793,full_day,1196,2.7,True
W00105,plumbing,23,28.4362215833583,76.95936790241201,morning,768,4.9,True
W00106,cleaning,21,28.935321245258386,77.28524698460275,afternoon,1263,3.8,False
W00107,farming_harvesting,5,29.110845474932564,77.144884987077,full_day,486,3.7,False
W00108,soil_preparation,10,28.784033509521187,77.56673309440036,evening,1143,4.2,False
W00109,masonry,30,28.51435225481366,77.46949977205766,morning,1231,2.7,False
W00110,soil_preparation,3,29.084084726808577,77.11317505700075,morning,1411,3.7,True
W00111,farming_thinning,16,28.475679359151677,77.46544315405558,full_day,405,3.0,True
W00112,farming_harvesting,14,28.994746617357805,77.19371179695,morning,790,4.3,False
W00113,carpentry,0,28.666151409053732,76.80220920128153,morning,1245,4.9,True
W00114,electrical,29,28.830503325991792,77.21787201506952,evening,1150,4.6,False
W00115,farming_thinning,14,28.66516507688047,77.09258601324716,afternoon,442,3.2,False
W00116,soil_preparation,29,28.901617405764295,76.9761726630669,morning,879,4.3,False
W00117,farming_weeding,14,28.652480577703876,77.054123941693,full_day,1232,4.8,True
W00118,welding,7,28.685697641984902,76.94256244605789,full_day,389,3.3,False
W00119,welding,29,28.92530890256488,77.09507875249099,afternoon,1314,4.9,True
W00120,carpentry,30,28.704080429309567,77.57870031336222,full_day,504,3.8,False
W00121,farming_seeds,23,28.258055415966947,77.57993297134922,afternoon,453,3.7,False
W00122,soil_preparation,19,28.806604598586883,77.35883665257927,evening,1392,3.5,False
W00123,masonry,22,29.001338682909324,77.19694748539018,morning,440,3.1,False
W00124,farming_thinning,23,28.20427933076897,77.68733772822056,morning,1208,2.9,False
W00125,farming_seeds,1,28.438274666781304,76.76511922810501,evening,1067,3.6,True
W00126,carpentry,13,28.679828061915938,77.50151947388096,afternoon,658,2.7,False
W00127,painting,21,28.354729791856315,77.62182901602355,afternoon,775,3.7,False
W00128,electrical,8,28.780740717266482,77.60790853170032,full_day,889,4.2,True
W00129,farming_pruning,14,29.05913563493465,77.69665169521848,evening,1168,4.2,False
W00130,farming_harvesting,6,29.11327356550018,77.56233545866019,morning,785,3.5,False
W00131,painting,9,29.106592043626897,77.00423075388328,full_day,862,2.5,True
W00132,painting,23,28.610627286523872,77.61315529089373,evening,771,4.0,False
W00133,farming_thinning,20,28.30403198927709,76.95962680004362,afternoon,498,4.8,True
W00134,farming_harvesting,25,28.55472319016281,77.2885738053684,afternoon,484,4.8,False
W00135,welding,13,28.289540070444307,76.84115979774678,evening,1387,3.8,False
W00136,farming_weeding,8,29.027948953538314,77.6531878160972,evening,993,4.5,False
W00137,farming_pruning,4,28.868051493061337,76.93461469569907,full_day,1441,3.4,False
W00138,farming_seeds,8,28.65047230826906,77.16378602773388,evening,1497,3.5,False
W00139,farming_pruning,21,28.347721902211585,76.73402464964649,evening,753,4.1,False
W00140,welding,9,28.76313944628459,76.82567593672705,morning,376,3.3,False
W00141,farming_pruning,3,28.34870003243133,77.24654660588253,full_day,1229,3.4,False
W00142,painting,23,28.840499150557243,77.59441378389958,morning,1302,4.0,False
W00143,farming_seeds,22,28.484429958734438,77.15238308606071,afternoon,1042,2.7,False
W00144,carpentry,28,29.09174252945205,77.06767384121233,full_day,865,3.0,True
W00145,electrical,2,28.77666873806198,77.35070446723321,morning,403,4.5,True
W00146,farming_weeding,25,28.678477975907963,76.77761015282437,afternoon,1500,3.0,True
W00147,soil_preparation,24,28.261454179941445,77.60953103563176,morning,867,4.6,True
W00148,farming_weeding,17,28.364554196728125,76.8834971209014,morning,569,2.5,True
W00149,painting,10,28.129681083511162,76.97436750832497,afternoon,1162,3.8,True
W00150,electrical,14,28.891917039314205,77.2222379576092,morning,1225,3.8,True
W00151,welding,25,29.022651687906542,77.3679030736793,evening,1238,4.1,True
W00152,farming_seeds,15,28.961198543167242,77.13527361928,morning,1304,4.3,False
W00153,farming_pruning,28,28.19469047741079,77.31729742363345,morning,558,3.2,False
W00154,plumbing,19,28.644456837431324,77.16271541757547,full_day,503,4.5,True
W00155,masonry,20,28.991606213064216,77.2603352283898,afternoon,1180,3.6,True
W00156,plumbing,10,28.941319224780045,77.10773018425695,morning,940,3.6,False
W00157,soil_preparation,30,28.266538924768724,77.63198503573439,morning,486,4.6,True
W00158,plumbing,3,28.858488969191882,77.08164685937591,afternoon,1439,2.6,False
W00159,masonry,3,28.52470863292216,77.58260737223432,full_day,405,4.9,False
W00160,soil_preparation,3,28.691818518389855,76.921738805672,full_day,759,4.6,False
W00161,carpentry,11,28.22878531353031,76.987568212495,afternoon,1178,4.6,True
W00162,painting,29,28.771731227998888,77.40247118785567,morning,669,3.2,False
W00163,soil_preparation,11,28.12000578940366,77.57886270653644,full_day,442,2.9,True
W00164,farming_pruning,23,28.64438268865893,77.08519440570349,full_day,998,2.9,False
W00165,welding,10,28.89073561996674,77.2765935566144,morning,407,2.9,True
W00166,masonry,2,28.38600284354622,77.37093869280827,full_day,1205,3.5,True
W00167,cleaning,16,28.227717508110203,77.13891363339789,evening,1296,3.8,False
W00168,farming_seeds,7,28.50916339608763,77.30832495694446,morning,718,3.3,True
W00169,cleaning,4,28.878060895761248,76.99844713121745,morning,315,3.7,False
W00170,farming_weeding,4,28.494107445715237,77.41267126338266,evening,447,3.5,True
W00171,plumbing,0,28.573654250356277,76.78686261187576,evening,1479,3.6,False
W00172,welding,20,28.53159395984348,76.82417337266381,morning,965,2.9,False
W00173,welding,29,28.475752691234128,77.14571177956823,morning,798,3.6,False
W00174,carpentry,2,28.509666696859334,77.01927456183587,evening,753,3.3,True
W00175,farming_pruning,16,28.747124666968187,77.23960482077266,afternoon,1015,3.4,True
W00176,farming_thinning,3,28.260344218277694,76.90627180282398,afternoon,454,2.9,False
W00177,electrical,24,28.67763548328785,77.2884680897065,evening,947,2.9,True
W00178,electrical,14,28.74528512002543,77.50532967915143,morning,1020,3.8,False
W00179,electrical,14,28.151507245571093,77.07773759948982,evening,457,4.1,True
W00180,painting,19,28.620967817333955,77.17171165892728,morning,1221,4.8,True
W00181,soil_preparation,19,28.58952902794307,76.85986107669564,morning,1222,2.8,False
W00182,welding,2,28.61844900150096,76.88155891143637,afternoon,1196,5.0,True
W00183,soil_preparation,11,29.031836789116962,77.09641655952312,evening,407,4.5,False
W00184,farming_pruning,10,28.208405947515097,77.38737934484008,evening,816,4.3,True
W00185,soil_preparation,2,28.69663951458642,76.85042838058432,evening,935,4.9,False
W00186,farming_weeding,19,28.822734014371054,76.793719012004,full_day,972,4.5,True
W00187,masonry,21,28.537306366322106,77.07082809634679,evening,932,3.0,True
W00188,soil_preparation,30,28.88005620766782,76.90100523366439,afternoon,617,2.7,True
W00189,carpentry,24,28.65367075841367,77.44764400300147,morning,989,4.7,True
W00190,painting,12,28.268152761321122,76.8898459671687,afternoon,1196,2.6,False
W00191,masonry,23,28.351430201446927,77.15319870980528,evening,1219,3.1,True
W00192,farming_harvesting,30,28.92252387109079,77.17801560503226,afternoon,1053,4.2,False
W00193,electrical,24,28.395671732703775,77.09087243419071,full_day,631,4.5,True
W00194,farming_harvesting,1,28.75507903620445,77.58311694505224,morning,1356,4.6,False
W00195,farming_pruning,24,28.27421233424538,77.15831922037383,afternoon,1195,2.7,True
W00196,electrical,28,28.46348507813865,76.73567019080294,morning,1111,3.8,True
W00197,plumbing,2,28.48881267341777,76.73718754552816,morning,986,4.5,True
W00198,farming_seeds,9,29.031296171612752,77.18145493304783,afternoon,1260,3.6,True
W00199,farming_pruning,0,28.369823928437047,77.54396309928238,full_day,527,4.4,True
W00200,farming_harvesting,3,28.161649446618853,77.12882554375345,full_day,428,2.8,False
W00201,painting,17,28.130335352205897,77.2243757302094,afternoon,594,3.2,True
W00202,painting,11,28.354464238806546,77.12556759520854,morning,1372,4.9,True
W00203,carpentry,17,28.621227696579787,77.69733148559646,morning,1099,4.7,True
W00204,masonry,12,29.094939422551562,76.96265026106921,morning,1031,4.5,False
W00205,farming_thinning,23,28.77100440001083,76.8126638674997,evening,573,2.6,False
W00206,masonry,5,28.944283656763602,77.39368256640898,full_day,673,4.5,True
W00207,welding,24,29.05750515071213,76.74598379019977,afternoon,389,4.5,True
W00208,soil_preparation,29,28.423975882936894,77.10722405568602,full_day,818,2.6,True
W00209,farming_harvesting,11,28.97603853046925,76.7568040342465,evening,859,2.8,False
W00210,plumbing,28,28.513921774644462,77.14873663370787,full_day,994,4.9,False
W00211,welding,15,28.481246926959685,77.50629088037667,evening,469,4.3,True
W00212,plumbing,19,29.108998164844078,76.8894564859381,evening,957,2.8,False
W00213,masonry,9,28.420395856090753,77.3116216277306,full_day,641,4.2,False
W00214,electrical,1,28.840714395711103,77.62060723084629,full_day,862,4.1,True
W00215,farming_pruning,21,28.7514125378833,77.07231113065099,afternoon,363,2.9,False
W00216,farming_seeds,4,28.18113336306211,77.48751537350687,evening,1041,3.5,True
W00217,painting,4,28.792962056913396,77.65782352926556,evening,1209,4.4,True
W00218,carpentry,11,28.51193404595245,77.35856073670604,afternoon,532,2.6,True
W00219,electrical,16,28.500887380039263,77.27067271075965,evening,833,4.3,True
W00220,painting,9,28.807880641040796,77.70762884351015,afternoon,551,2.8,True
W00221,electrical,5,29.01257903078623,77.15411119274246,morning,954,4.2,True
W00222,carpentry,17,28.404262282777815,77.00895667823674,afternoon,656,4.5,True
W00223,farming_pruning,6,28.905965673611142,76.94573618428687,full_day,353,3.4,False
W00224,electrical,25,29.096911957642785,76.83877122971377,morning,434,3.3,False
W00225,carpentry,13,28.883064550374698,77.53233939950839,morning,556,4.9,True
W00226,electrical,14,28.794008990649584,77.0535147807027,afternoon,564,3.6,True
W00227,farming_pruning,16,28.2669154668102,76.87365707989012,evening,761,3.4,False
W00228,farming_pruning,8,28.310201919483074,77.66535162704321,evening,556,4.1,True
W00229,carpentry,20,28.282535901747707,77.6506069878686,afternoon,650,4.1,False
W00230,painting,1,28.93913626732663,76.73737348789888,morning,1481,3.2,True
W00231,cleaning,18,28.530486783663246,77.34799119220888,full_day,1417,3.2,False
W00232,electrical,7,28.918588154215733,77.39399084119567,evening,1228,2.7,True
W00233,farming_weeding,14,28.529521746214115,77.17344215777534,evening,594,3.3,False
W00234,welding,27,28.459270560701,77.10771660717403,evening,1354,3.9,False
W00235,farming_thinning,14,28.236421909083962,77.15859601199567,afternoon,498,2.6,False
W00236,painting,13,28.36217028038119,77.57430750172072,afternoon,970,4.8,False
W00237,farming_thinning,24,28.273242411892607,77.70496941109542,full_day,1321,4.7,False
W00238,farming_seeds,2,29.05913280406924,77.21444446302378,afternoon,740,4.0,True
W00239,farming_seeds,9,28.60879420352518,77.5913394763682,full_day,885,3.8,True
W00240,plumbing,4,28.996355730918594,77.4365080633594,full_day,1049,2.6,True
W00241,painting,17,28.30855530188772,77.26222292662115,morning,1091,3.8,False
W00242,painting,21,28.72494314117738,76.83766339068922,morning,1106,3.4,False
W00243,carpentry,30,28.479506373212974,76.85326735936894,full_day,1324,2.6,True
W00244,farming_weeding,22,28.44694070535277,77.1827441503952,full_day,605,4.0,True
W00245,soil_preparation,29,28.72696812106468,76.87150204587694,evening,988,3.8,False
W00246,welding,18,28.413690564737415,77.52474883324383,evening,978,4.2,False
W00247,painting,9,28.910654813930147,77.43432421255186,morning,1271,3.2,True
W00248,welding,1,28.69742327704764,76.87951206174667,full_day,602,4.6,True
W00249,farming_seeds,18,29.062105170784303,76.8188955213337,morning,1203,3.3,True
W00250,plumbing,22,28.317791682702136,77.210819504611,full_day,427,4.3,True
W00251,carpentry,10,29.112022868405482,77.1873709833434,full_day,942,4.9,False
W00252,carpentry,10,28.660173219244832,77.38486857655637,evening,1291,3.0,True
W00253,farming_harvesting,17,28.412399161190294,77.65048554632746,evening,891,4.3,False
W00254,soil_preparation,15,28.46270317420131,77.6427003747708,evening,889,2.8,False
W00255,plumbing,26,28.459034675164588,77.4820643287645,afternoon,894,2.6,True
W00256,soil_preparation,29,28.556276111864836,76.96544397547349,full_day,738,3.0,False
W00257,carpentry,22,28.385521466705747,76.81822658157108,afternoon,796,2.6,True
W00258,masonry,7,28.166391106839463,77.12230136604826,full_day,505,4.2,True
W00259,farming_seeds,30,28.664252565779616,77.63809968016999,full_day,1274,3.7,True
W00260,cleaning,30,28.401145037564394,76.994415341302,morning,483,4.1,True
W00261,carpentry,23,28.837017678242425,77.64566937975063,afternoon,1155,4.7,True
W00262,farming_seeds,26,28.5108945742783,77.20438389732176,evening,376,2.5,True
W00263,soil_preparation,9,28.568249078156796,77.35031240951494,full_day,574,4.6,False
W00264,farming_harvesting,6,28.92271387824302,77.03968409683179,full_day,826,4.3,True
W00265,welding,10,28.904667664425258,77.27678122242094,afternoon,659,4.0,False
W00266,plumbing,16,28.441826658740176,77.10983324662787,morning,678,5.0,False
W00267,soil_preparation,29,28.361947083667147,76.96978527706544,afternoon,1214,4.4,False
W00268,farming_harvesting,18,28.836782528401,76.72043573419417,evening,783,2.7,True
W00269,electrical,9,28.273616825227563,77.39507361989111,evening,540,4.1,False
W00270,soil_preparation,19,28.334749239968723,77.66636053685524,full_day,613,3.6,False
W00271,plumbing,22,28.663134508818366,77.17982807687932,afternoon,806,4.2,True
W00272,carpentry,14,28.642073124073196,77.07078486852424,morning,426,4.6,True
W00273,painting,17,28.263752381382414,77.03711763774221,full_day,538,4.2,False
W00274,farming_pruning,28,28.624275354032836,77.51769208317724,full_day,570,3.8,False
W00275,painting,1,28.67269719899877,77.38176771222737,evening,344,3.5,True
W00276,welding,6,28.692211265059036,76.75428980272783,evening,430,3.9,True
W00277,farming_pruning,29,28.585971200845652,76.99609070689132,afternoon,577,4.4,False
W00278,soil_preparation,28,28.496379618851375,77.5786202853107,full_day,1069,2.7,True
W00279,masonry,27,28.461669887139152,76.88747362900412,full_day,1383,2.8,True
W00280,farming_seeds,24,28.13663532732197,77.00736298870298,full_day,1389,3.4,True
W00281,farming_thinning,14,28.460059734987627,76.98464972779513,morning,365,4.5,False
W00282,painting,24,29.050137930385446,77.5980413419578,afternoon,722,2.7,True
W00283,electrical,19,28.78592363687222,77.58121241778639,afternoon,390,3.5,True
W00284,carpentry,6,28.868285708747287,77.4850636214647,afternoon,1331,5.0,True
W00285,welding,18,28.43280369636919,77.30691767427727,evening,785,3.3,True
W00286,masonry,16,28.334942740446035,77.00950095375742,morning,1440,4.9,True
W00287,masonry,21,28.541100582294543,77.20462078749303,evening,1080,4.5,False
W00288,welding,13,28.52215917682959,77.00888849443541,afternoon,1401,3.7,True
W00289,farming_harvesting,27,28.821476797487975,77.5147761599349,morning,1451,3.5,False
W00290,carpentry,16,28.24799275105908,76.95185851608959,afternoon,976,4.1,False
W00291,soil_preparation,2,28.649535536347216,77.53840628521503,morning,849,3.4,True
W00292,farming_pruning,6,28.918550617850546,77.29658368882765,afternoon,1281,3.0,False
W00293,farming_harvesting,30,29.0228941607068,76.92080777204902,afternoon,540,4.4,False
W00294,farming_thinning,22,28.718301534078783,76.91351314297789,afternoon,1430,3.3,False
W00295,plumbing,14,28.647550127416263,77.06825955555158,evening,1036,3.8,False
W00296,electrical,3,28.916716621820022,77.43141357318677,evening,716,3.4,False
W00297,farming_seeds,18,28.977984841469482,77.4502523787165,morning,834,3.9,False
W00298,farming_harvesting,4,28.310091782726836,76.93901862600326,afternoon,1322,3.9,False
W00299,farming_harvesting,24,28.93549193969236,77.67550826725035,full_day,1243,2.9,False
W00300,farming_weeding,4,28.834213530762096,77.19731632125414,morning,1373,2.6,True
W00301,masonry,1,28.87823884357202,77.1213922224156,afternoon,439,4.3,True
W00302,farming_thinning,16,28.569909658971437,76.76945011891303,full_day,1299,2.5,False
W00303,farming_seeds,0,28.643317646841652,76.98374073719783,evening,335,3.8,False
W00304,cleaning,30,29.023673365998768,76.8160164286945,morning,1373,2.9,True
W00305,painting,16,28.36631819631468,77.06344110086057,full_day,461,3.4,False
W00306,electrical,18,28.357107894192882,77.4062363160987,evening,465,4.1,True
W00307,farming_pruning,12,28.493164022239817,77.2617014395297,morning,319,4.3,True
W00308,electrical,27,28.54780965197166,77.49337631079011,morning,1381,4.8,True
W00309,farming_thinning,28,28.98201689058161,77.5965543070345,full_day,855,2.6,True
W00310,masonry,29,28.39427301375949,77.25203069832556,morning,667,4.8,False
W00311,farming_seeds,30,28.321058115409585,76.85319156128358,full_day,457,3.2,True
W00312,painting,26,28.96334242528943,77.38603496587669,evening,1086,4.4,True
W00313,cleaning,22,28.838063570094317,77.20979285163773,evening,409,2.7,True
W00314,farming_pruning,10,28.719068743200644,77.32286523362144,full_day,968,2.6,False
W00315,cleaning,14,28.604503456110795,77.06481119770585,full_day,1184,3.0,False
W00316,farming_pruning,24,28.73251589025989,77.50705517380275,morning,468,3.2,False
W00317,welding,25,28.74780088196305,77.4486552889766,evening,1038,2.8,True
W00318,farming_harvesting,14,28.473817497346896,76.9787664432394,afternoon,478,3.0,False
W00319,carpentry,17,28.62634084841046,76.81229292734163,morning,1024,3.9,False
W00320,plumbing,0,28.405747351296323,77.0967995593784,morning,1445,4.8,True
W00321,painting,16,28.283482923392327,77.08973202348875,afternoon,850,3.3,False
W00322,farming_weeding,2,28.281107400759133,76.98496187160241,evening,1291,4.5,False
W00323,farming_harvesting,30,28.360490068347005,77.3340336877689,afternoon,1237,2.8,False
W00324,farming_seeds,30,28.509591978426407,77.55061338672185,full_day,974,3.6,False
W00325,masonry,19,28.250024471578264,77.02966515537508,afternoon,1281,3.3,False
W00326,soil_preparation,9,28.848774365441187,77.34190246196842,afternoon,967,3.4,False
W00327,soil_preparation,3,29.045967152588446,76.90880004871062,afternoon,1426,2.6,False
W00328,welding,6,28.55235495430891,77.0003312079853,morning,1137,4.2,True
W00329,masonry,9,28.3559211676708,77.36766296853231,full_day,1072,2.7,False
W00330,painting,12,28.64826740120212,77.63249575400646,full_day,1413,2.6,False
W00331,welding,28,28.926196975678995,77.30281994335488,morning,523,4.4,False
W00332,farming_weeding,20,28.7265779023133,77.27222029220766,full_day,979,4.9,False
W00333,farming_pruning,0,28.21250655858173,76.93100107954946,afternoon,1212,3.4,False
W00334,cleaning,21,28.70248995654015,77.20946578161974,evening,350,3.7,False
W00335,plumbing,29,29.075627865679973,76.82506933795898,afternoon,1013,3.3,False
W00336,cleaning,6,28.635014829800472,77.05730029663565,morning,1197,4.3,False
W00337,soil_preparation,2,28.41416408318194,77.5191859369187,morning,346,4.6,True
W00338,masonry,25,28.278254092850705,77.69290047058828,afternoon,1356,2.9,True
W00339,soil_preparation,17,28.540269383621684,77.17105415749442,full_day,677,3.0,False
W00340,plumbing,0,28.85128836954614,77.59209737441931,full_day,1179,3.5,True
W00341,farming_thinning,8,28.866225495360492,77.51772978863126,morning,1482,2.8,True
W00342,soil_preparation,10,28.310974275147547,76.82295497070517,full_day,1380,4.9,False
W00343,painting,12,28.725208421139,77.29600471456521,evening,1020,4.6,True
W00344,masonry,22,28.91451338318471,77.6276825798041,morning,574,3.3,True
W00345,farming_harvesting,3,28.296944518331486,77.40243654171645,full_day,1156,4.0,False
W00346,plumbing,5,28.600570215692386,77.24637926999803,afternoon,1436,2.9,False
W00347,farming_weeding,5,28.428480014660845,77.16000097074665,morning,1035,4.9,False
W00348,farming_weeding,6,28.929115940653862,77.67282908941495,full_day,1137,4.2,False
W00349,welding,26,28.557751742809263,76.87625348742806,morning,751,3.2,False
W00350,farming_thinning,17,28.402570310141215,77.48974019742997,full_day,1425,3.8,True
W00351,farming_harvesting,24,28.657006182093046,77.69989362000571,morning,1203,3.9,False
W00352,farming_pruning,23,28.94397071654254,77.46034549474368,evening,366,3.6,False
W00353,farming_pruning,14,28.979190470376295,76.82638602649891,afternoon,729,4.5,False
W00354,welding,19,28.746670630927138,76.87498161769027,afternoon,723,4.5,True
W00355,painting,11,28.646180797370413,77.3058576858846,afternoon,962,4.9,False
W00356,farming_harvesting,18,28.38124306627808,77.56701684494627,morning,577,4.9,False
W00357,farming_seeds,8,28.98094759043378,76.83588816861382,afternoon,811,2.9,False
W00358,farming_thinning,24,28.95745565664347,77.10170075030221,afternoon,1482,4.1,False
W00359,plumbing,14,28.18941627333185,77.50359863066767,morning,1125,3.8,False
W00360,welding,29,28.991217356832856,77.16369564907443,full_day,970,4.0,True
W00361,welding,14,28.74874054553616,77.40628897778856,morning,1394,3.5,False
W00362,farming_thinning,15,28.382436838314423,77.5373436170488,evening,1420,3.9,False
W00363,cleaning,10,29.008054658038557,77.4712540224225,morning,503,4.1,False
W00364,farming_seeds,3,29.043332875347524,76.86698351497417,full_day,301,5.0,False
W00365,farming_thinning,22,29.0233072143131,77.591147764042,evening,625,4.7,False
W00366,farming_pruning,20,28.47433538339726,76.79142053070548,afternoon,406,3.5,False
W00367,welding,22,28.869132157067536,77.13823094075535,morning,494,2.5,False
W00368,farming_pruning,4,28.707579496841067,77.22844425463664,full_day,319,2.5,False
W00369,farming_pruning,27,28.53621393377506,76.84117515109256,morning,768,3.5,True
W00370,farming_pruning,10,28.48146168962262,77.00825532741196,full_day,572,4.1,True
W00371,farming_pruning,16,28.677191214469634,77.31931923927382,afternoon,1201,3.4,True
W00372,masonry,23,28.265274130844283,77.12070989435968,full_day,744,2.7,True
W00373,farming_weeding,24,28.23705722249131,77.43900914889598,evening,1179,3.3,True
W00374,farming_thinning,8,28.758520568187897,76.95716702718583,evening,354,4.6,False
W00375,farming_thinning,16,28.72082686967196,76.89764652326586,full_day,905,4.1,True
W00376,electrical,12,28.22664366260381,77.20858254127266,morning,1381,4.7,True
W00377,soil_preparation,29,28.43037265055763,77.09583824882517,full_day,1048,3.9,True
W00378,cleaning,15,29.068352983940887,77.47936704922462,morning,438,2.5,True
W00379,farming_seeds,29,28.174368859588206,77.4982899989931,evening,1326,4.4,False
W00380,welding,12,28.196327811924647,77.24556481607002,afternoon,868,2.7,True
W00381,carpentry,29,28.317097493957828,77.51706008097065,evening,1100,4.0,True
W00382,farming_harvesting,22,28.551386043050577,77.66242797671607,afternoon,418,3.1,False
W00383,farming_pruning,14,28.726196794420723,76.76402861968644,afternoon,544,2.5,True
W00384,welding,0,28.277732630935407,77.6620162017547,evening,641,3.4,False
W00385,welding,28,28.231956720282366,77.60889742658553,evening,1179,3.2,True
W00386,farming_harvesting,22,29.08895058777818,77.33653283289873,full_day,1232,3.8,True
W00387,electrical,27,28.680786128238452,77.07668777785682,evening,510,4.7,True
W00388,farming_thinning,23,28.62272488491065,76.75303790726281,morning,800,2.6,False
W00389,plumbing,29,28.26398466824115,77.64016007715719,morning,1432,4.5,False
W00390,farming_thinning,10,28.362163183357243,77.6248547648809,evening,855,4.6,False
W00391,farming_pruning,16,28.78722571671859,76.76167214908708,afternoon,1356,5.0,False
W00392,farming_pruning,28,28.578994177916886,76.9913068706209,evening,970,2.7,False
W00393,farming_seeds,11,28.314571153452956,77.2728067408242,evening,796,3.7,False
W00394,cleaning,24,28.309322423872825,77.60944329722642,afternoon,608,2.5,False
W00395,farming_seeds,7,28.655445199948726,77.344941839513,morning,986,2.5,False
W00396,welding,23,28.421410637521365,76.9141943729059,afternoon,1159,3.7,True
W00397,farming_weeding,22,28.393725270869037,76.75290026570316,afternoon,1364,3.5,False
W00398,electrical,23,28.19880241751649,76.80457700533739,afternoon,1107,2.7,True
W00399,plumbing,21,29.07811827473274,76.9457717347419,evening,945,4.8,False
W00400,welding,26,28.84925286878237,77.02705771926611,evening,778,2.7,True
W00401,farming_weeding,24,28.88404662015966,76.81797283371844,morning,636,3.6,False
W00402,plumbing,3,28.649824549090024,77.67363472225023,afternoon,1225,3.3,False
W00403,farming_pruning,2,28.271515377065516,77.39505484295051,morning,740,4.6,False
W00404,farming_weeding,2,28.82505739828511,77.67740000417638,full_day,1351,2.6,False
W00405,farming_harvesting,26,29.104576620407908,76.74008209335877,full_day,1226,3.9,True
W00406,farming_pruning,14,28.215807348661848,77.502809742777,morning,324,2.7,True
W00407,farming_weeding,6,28.937573415188357,77.081239743816,morning,1492,4.0,True
W00408,farming_seeds,2,28.311650336695433,77.35498689558679,afternoon,488,4.8,False
W00409,farming_pruning,1,29.056180661024115,76.75963770091526,full_day,1108,3.7,False
W00410,masonry,13,28.28670721183079,76.92371610597003,afternoon,863,3.2,True
W00411,farming_seeds,19,28.733076548845897,76.95478477924524,evening,1321,3.5,False
W00412,farming_seeds,2,28.39367598743897,76.84623601713207,afternoon,1376,3.1,True
W00413,plumbing,25,28.827270668583456,77.18868443888812,full_day,1004,4.8,False
W00414,plumbing,8,28.29371587369787,77.02787756732938,afternoon,360,4.7,False
W00415,farming_seeds,25,29.105431323430572,77.23843229196544,afternoon,626,2.8,True
W00416,farming_harvesting,17,28.930185161608737,77.62625948257045,morning,749,3.9,False
W00417,soil_preparation,29,28.95312225230591,77.55422090236628,afternoon,784,4.0,False
W00418,painting,0,28.817352882919913,77.0606821484831,afternoon,1453,4.9,False
W00419,carpentry,9,28.289456767660653,76.7469637412001,morning,776,4.0,True
W00420,carpentry,15,28.114583496383833,77.62689618592064,afternoon,567,3.4,True
W00421,cleaning,27,28.982117098143615,76.76855596284504,afternoon,590,4.4,False
W00422,farming_pruning,11,28.818438009628082,77.37113955279884,morning,989,3.3,True
W00423,farming_weeding,23,29.062593532026323,77.50084252499987,full_day,949,2.9,False
W00424,farming_thinning,21,28.702850155783104,76.88435162999022,evening,903,2.8,True
W00425,welding,30,28.68673479267062,77.55975696553502,morning,672,4.0,True
W00426,masonry,18,28.218010233013988,77.2051850579131,evening,459,3.1,False
W00427,farming_weeding,20,28.999220253395137,76.79772601257012,evening,1214,2.5,True
W00428,farming_thinning,22,28.181694780064234,76.96565794154272,morning,302,2.6,False
W00429,welding,13,29.083001825105686,77.59355199758723,full_day,1075,3.4,False
W00430,farming_pruning,26,28.593389250397163,77.57305072046859,afternoon,633,3.6,True
W00431,farming_harvesting,0,28.432616907956657,77.66066213143412,morning,1000,2.9,False
W00432,farming_weeding,23,28.18890242104416,77.65083414353523,morning,992,4.0,False
W00433,welding,0,28.545223334145863,77.36263517526535,full_day,621,2.6,False
W00434,farming_thinning,6,28.523179865750645,77.26311243231623,evening,876,3.2,True
W00435,farming_seeds,12,28.685669807857742,77.54885450484565,afternoon,411,3.4,False
W00436,farming_pruning,9,28.937797307083162,77.3340909537093,full_day,708,2.7,True
W00437,farming_weeding,20,28.405711466046107,76.79093609471299,morning,931,4.5,False
W00438,electrical,28,28.774940054746004,76.80013687755068,full_day,678,3.4,False
W00439,soil_preparation,5,28.559675270794457,76.97229596668289,full_day,839,3.1,False
W00440,painting,1,28.26503067442354,77.40547095104657,morning,475,4.2,False
W00441,cleaning,18,28.341412758624568,76.76998374605773,full_day,1370,3.5,False
W00442,painting,28,28.34954201948242,77.0078521090072,full_day,371,3.8,True
W00443,farming_pruning,30,28.871088755639196,76.8818789728065,afternoon,733,4.5,True
W00444,farming_seeds,13,28.19226852213949,77.39212546935225,afternoon,602,4.6,False
W00445,soil_preparation,29,28.841003009180533,77.516343669735,morning,1094,3.9,False
W00446,farming_harvesting,16,28.572057181122616,77.58246625337276,full_day,530,3.5,True
W00447,painting,18,28.696577086877657,77.67383166470863,morning,516,3.9,True
W00448,cleaning,9,28.981375267765177,77.58913578462503,full_day,840,3.5,False
W00449,painting,19,28.586946615998936,76.88119972815673,full_day,594,4.0,False
W00450,farming_seeds,12,29.00347421391426,77.04049407573427,afternoon,400,4.4,False
W00451,soil_preparation,0,28.451766081426932,77.50265205990564,evening,874,4.6,True
W00452,farming_thinning,4,28.41438044751748,77.45272364165717,evening,851,4.3,True
W00453,farming_thinning,14,28.325290502105897,77.53296943425515,full_day,1357,4.7,True
W00454,carpentry,25,28.272872442639002,77.02012309328892,full_day,577,4.5,True
W00455,farming_weeding,6,28.98908055612542,76.90972677610053,morning,810,2.6,True
W00456,soil_preparation,22,28.3130097723989,77.07735192757477,full_day,1334,3.5,True
W00457,masonry,0,28.35583809458961,77.19778673906657,full_day,663,4.9,False
W00458,painting,17,28.463659901644654,76.87251361451786,evening,485,3.2,False
W00459,farming_seeds,5,28.967721326585547,77.48883013514369,afternoon,753,4.1,True
W00460,farming_harvesting,20,28.523407196495544,76.72905235749953,morning,1270,4.8,True
W00461,painting,25,28.122363727114873,76.96139044136065,evening,863,3.6,False
W00462,soil_preparation,14,28.36589870927788,77.17569801549722,full_day,1497,2.8,False
W00463,carpentry,20,28.707672542544085,76.9916768778151,morning,1286,2.7,False
W00464,masonry,10,28.975391600251832,76.9701469079265,evening,685,2.9,True
W00465,farming_seeds,25,28.971215360027283,77.51902897471214,full_day,954,4.2,True
W00466,masonry,15,29.111369099578297,76.968426272712,full_day,1128,3.5,True
W00467,painting,22,29.10865373008879,77.52501470105287,evening,755,4.2,False
W00468,masonry,11,28.621214855606816,77.5544192442446,afternoon,901,2.7,True
W00469,welding,8,28.83908663710612,77.26803165610819,afternoon,987,4.1,True
W00470,soil_preparation,7,28.85810992934281,77.01608527133222,evening,1061,3.2,False
W00471,electrical,27,28.23168147124154,76.76267695440646,morning,1267,4.7,True
W00472,masonry,12,28.643738504629997,77.12210725401388,afternoon,581,5.0,False
W00473,plumbing,18,29.006745123310544,77.69564925588348,afternoon,947,4.7,True
W00474,cleaning,2,28.601480845748107,77.3400327722627,afternoon,941,4.1,True
W00475,electrical,8,28.32328236833508,77.48254227132057,afternoon,1302,4.5,True
W00476,farming_weeding,19,28.54761141428864,77.13840972300912,full_day,1277,3.5,True
W00477,carpentry,6,28.84455907041059,77.65906861548183,evening,1387,3.0,True
W00478,masonry,23,28.362723122875884,77.4025247471704,evening,939,2.8,False
W00479,carpentry,18,28.420015092091415,76.77428702247026,morning,910,4.9,False
W00480,welding,16,28.710269918615502,77.04683515120793,afternoon,1001,5.0,False
W00481,soil_preparation,24,28.30232603389087,77.65708435370695,full_day,339,3.1,True
W00482,farming_thinning,23,28.13581327206562,77.21363355458517,morning,1050,4.3,True
W00483,plumbing,28,28.75422108527265,77.48024966334353,morning,398,4.2,True
W00484,farming_seeds,22,28.229689826339303,77.1533142889459,morning,1420,3.1,True
W00485,farming_thinning,22,28.799640028547582,76.71830454806326,full_day,506,4.2,False
W00486,painting,19,28.814626346203415,77.12782575177143,morning,1347,4.3,True
W00487,farming_harvesting,3,28.898660066168485,77.20673906319325,afternoon,838,4.6,True
W00488,soil_preparation,22,28.52365623052829,76.86937359863077,full_day,725,4.2,False
W00489,soil_preparation,7,28.116637999057392,77.3806331324652,morning,1475,4.2,True
W00490,farming_pruning,24,28.62560534696466,77.43256361689848,morning,824,4.1,False
W00491,farming_harvesting,8,28.57817735723615,76.80880891505763,afternoon,380,4.6,False
W00492,cleaning,21,28.426607106962766,77.44754019579219,morning,393,2.5,True
W00493,masonry,20,28.284412276356377,77.06652740423775,full_day,849,4.7,True
W00494,soil_preparation,26,28.45662272276036,76.82283199990376,full_day,1234,3.2,False
W00495,welding,27,28.592145010971272,77.13073982149993,afternoon,531,2.8,True
W00496,farming_weeding,3,28.529927716630898,77.29975030299035,full_day,671,4.0,False
W00497,painting,0,28.976475774524094,77.588950246502,afternoon,1289,4.8,True
W00498,plumbing,14,28.15987232537967,76.9706128672285,evening,325,4.3,True
W00499,masonry,27,28.452200641768425,77.23210317522468,morning,1186,4.2,True
W00500,electrical,11,28.777610643919527,77.35040445280728,afternoon,1443,4.7,True
W00501,farming_seeds,20,29.048271420420168,77.21456757188474,full_day,1315,4.7,True
W00502,cleaning,15,28.43453381553361,77.03989484252143,evening,403,3.8,False
W00503,plumbing,26,28.34889999999129,77.16809459474824,full_day,480,4.6,False
W00504,soil_preparation,3,29.094570738945706,77.45423896465729,morning,510,3.5,True
W00505,carpentry,17,28.114069715478337,76.79989554691153,evening,1341,3.9,False
W00506,soil_preparation,11,28.93921099061873,77.52558868657736,full_day,979,3.9,False
W00507,welding,21,28.477194547169756,77.16153245617467,morning,754,2.5,False
W00508,masonry,30,28.913812715643523,77.25669058169414,evening,517,2.6,True
W00509,electrical,4,28.935738659918727,77.45151089037627,full_day,519,3.1,True
W00510,farming_thinning,3,29.044116259153146,77.10189648991518,full_day,690,4.3,True
W00511,cleaning,13,28.160400361909172,77.3422404675891,morning,1222,3.6,True
W00512,electrical,0,28.644264347519083,76.75757160563191,full_day,1498,3.7,True
W00513,welding,18,28.2875502701826,77.5242441540985,morning,1093,4.1,False
W00514,carpentry,28,28.498562638743707,77.68850076020505,afternoon,860,3.5,False
W00515,farming_harvesting,14,28.918696830813378,76.84718000564534,evening,1421,4.7,True
W00516,farming_thinning,6,28.73806758920539,76.99957949547925,evening,571,5.0,True
W00517,carpentry,17,28.808211973727328,77.03138139741385,morning,1021,3.9,False
W00518,masonry,23,29.00776600137792,77.24290280370361,full_day,326,3.8,True
W00519,plumbing,4,28.166964999507773,76.76560477429555,evening,629,5.0,False
W00520,farming_weeding,26,28.175932823939583,77.49335740094737,afternoon,1408,2.6,False
W00521,farming_pruning,19,28.981935373654412,77.44849248017286,afternoon,1449,3.5,False
W00522,welding,21,28.16087988127533,77.09058262809779,full_day,940,4.9,True
W00523,farming_seeds,23,28.365241128372308,77.32956169561186,full_day,761,4.8,False
W00524,cleaning,18,28.660515136701243,77.31238697728864,afternoon,902,3.6,True
W00525,farming_weeding,30,28.287695131855305,77.22284685277458,full_day,383,3.6,False
W00526,farming_weeding,5,28.69788605768393,76.96401614813243,evening,1255,4.3,True
W00527,farming_seeds,4,29.042528238459155,77.30588033201438,evening,1304,4.5,False
W00528,farming_pruning,25,28.821581561394478,77.23439506718488,afternoon,1366,2.7,True
W00529,plumbing,17,28.65093595253391,76.80094555393907,afternoon,736,4.2,False
W00530,soil_preparation,9,28.332345285784516,77.46165568955452,full_day,1449,4.6,True
W00531,farming_pruning,21,28.45990729082277,76.94934787643327,afternoon,381,4.2,False
W00532,plumbing,29,28.910106585653036,76.8223740275046,evening,1406,4.3,True
W00533,carpentry,26,28.884394322292195,77.22330906208468,full_day,1296,2.6,True
W00534,soil_preparation,16,28.1962454480485,76.80495643108632,morning,434,3.0,True
W00535,masonry,13,28.94956507774537,76.91457956798192,full_day,447,4.4,True
W00536,farming_seeds,14,28.830768283835916,76.74688631474615,morning,411,2.9,False
W00537,carpentry,2,28.688862294262794,76.93664563494166,evening,1134,3.5,False
W00538,plumbing,10,28.130790968304144,77.38229873232771,morning,429,4.4,True
W00539,welding,27,28.18648944479898,77.63704775016633,morning,893,4.5,False
W00540,painting,2,28.395417444292264,77.63569087974486,full_day,1109,4.6,True
W00541,electrical,5,28.64736776381035,76.84538146032955,full_day,1417,3.2,True
W00542,farming_harvesting,21,29.00087811897225,77.67436539342268,evening,322,3.9,True
W00543,farming_pruning,1,28.118929839074006,77.30565488745333,morning,924,3.0,False
W00544,farming_thinning,13,29.019528030344336,77.56045885134155,afternoon,629,3.0,False
W00545,farming_thinning,3,28.295257984773652,77.50866005360554,morning,1424,3.7,True
W00546,farming_harvesting,21,28.181262757404802,76.80720240138038,full_day,977,3.4,True
W00547,farming_pruning,9,28.733415777154335,77.60911859084293,evening,1295,3.6,False
W00548,welding,18,28.266294962054133,77.2758618929721,evening,1177,2.9,False
W00549,farming_thinning,25,28.33542570420652,77.44881621593862,full_day,866,4.6,True
W00550,masonry,23,28.44546295029734,77.18895397048331,full_day,1034,4.4,False
W00551,carpentry,3,28.289670160895227,77.31562766607087,evening,586,4.7,True
W00552,farming_harvesting,23,29.000235832078896,76.78546237855721,morning,338,4.6,True
W00553,painting,18,28.519034467551116,77.29903631184072,morning,1429,3.2,False
W00554,masonry,24,28.262532983608683,77.10149834584674,evening,574,3.7,True
W00555,plumbing,11,28.61606726966643,77.3716784893787,afternoon,1352,2.9,True
W00556,farming_weeding,18,29.06261183161298,77.36841330695297,afternoon,1290,4.8,True
W00557,farming_thinning,24,28.60154214837365,76.77186116141347,evening,779,2.6,True
W00558,carpentry,29,28.905360457155492,77.097093109948,full_day,395,2.6,False
W00559,farming_pruning,22,29.082341400836206,77.34256698177492,evening,839,3.9,True
W00560,plumbing,20,28.49241851705683,77.29667882476254,morning,1358,3.1,True
W00561,carpentry,12,28.466798007759728,77.57671942187125,full_day,1287,4.7,True
W00562,carpentry,28,28.25286830707713,76.87460582242899,morning,1353,4.1,True
W00563,farming_weeding,5,28.271257352690572,77.31102027646678,morning,771,3.5,False
W00564,welding,3,28.595416649389488,77.18781464272008,afternoon,630,4.1,False
W00565,farming_seeds,7,28.157044331335165,77.28248651135227,afternoon,575,4.1,True
W00566,painting,4,28.169812004160445,76.96725964601671,afternoon,1358,4.9,True
W00567,welding,23,28.77564506262916,76.99245462640565,morning,743,3.6,False
W00568,electrical,5,28.33326381481859,77.11976685190827,afternoon,1493,4.6,True
W00569,painting,21,28.6247049084583,76.8767217015936,evening,1228,4.0,True
W00570,farming_thinning,12,28.499361882741848,76.81757011390152,afternoon,1370,4.6,False
W00571,farming_weeding,19,28.210198576723204,77.18486918548948,morning,1388,3.8,True
W00572,farming_pruning,15,28.773292611163324,77.61098475572076,morning,1183,3.8,False
W00573,farming_seeds,22,28.643716518939705,76.93848625637905,full_day,1080,3.4,True
W00574,plumbing,4,28.368418028178375,77.47485889035846,morning,880,4.0,False
W00575,farming_harvesting,6,28.119369454148032,77.45264568136203,morning,1483,3.8,True
W00576,plumbing,20,28.319318696163347,77.51328715285585,full_day,1041,2.8,False
W00577,masonry,18,28.367532726231985,77.56397692626793,full_day,1456,3.4,False
W00578,masonry,12,28.868871900609836,77.12222815829594,full_day,666,3.4,False
W00579,farming_harvesting,9,28.691551153090273,77.48319448424499,full_day,582,4.6,True
W00580,welding,7,28.56049487741522,77.40831144229506,afternoon,505,3.0,False
W00581,cleaning,10,28.91475373335016,77.32302536702944,morning,629,3.5,True
W00582,cleaning,2,28.937155465517407,77.18066866008834,full_day,480,2.7,True
W00583,soil_preparation,2,28.72292886120793,77.43349471342808,full_day,1367,3.2,True
W00584,cleaning,26,28.289171128418232,77.20336837761829,morning,713,4.6,False
W00585,farming_thinning,1,28.89785944535371,77.21954785039883,afternoon,647,4.2,False
W00586,farming_thinning,20,28.114187271854625,76.8664447608504,evening,1118,3.4,False
W00587,plumbing,18,28.314210383124223,76.72436652249787,morning,484,3.9,False
W00588,soil_preparation,30,28.92941487949869,76.93529551296207,afternoon,1231,4.8,True
W00589,farming_harvesting,5,28.521034626107202,76.81546495639257,morning,1330,3.2,True
W00590,cleaning,16,29.070609349585276,77.58511304624307,evening,1206,4.9,False
W00591,cleaning,7,28.871373285046673,77.67023872530162,full_day,1243,4.7,True
W00592,electrical,3,28.371719764819403,77.09167324591921,afternoon,770,4.5,False
W00593,soil_preparation,16,28.649551907397235,77.40981855231655,evening,808,3.2,False
W00594,masonry,23,28.93497468949253,76.7850288205337,afternoon,1275,3.3,True
W00595,painting,8,28.296684452640402,77.45515625801018,afternoon,1321,4.3,True
W00596,welding,7,28.986642498408298,76.91577863232202,afternoon,811,4.6,False
W00597,farming_weeding,24,28.22058929010539,77.62918812953299,full_day,313,4.4,True
W00598,electrical,11,28.734567474831767,77.20134037770421,evening,1305,3.0,False
W00599,plumbing,7,28.864069385795784,76.83724595014861,full_day,1279,4.8,True
W00600,carpentry,11,28.5076169228524,77.39533864653039,afternoon,1236,4.9,False
W00601,soil_preparation,22,28.122318604819625,77.38310306044484,full_day,1489,2.8,False
W00602,painting,27,28.3736007690903,77.2575634003792,afternoon,851,3.7,False
W00603,soil_preparation,5,28.6126700166102,76.91953248211065,evening,1047,4.6,False
W00604,electrical,5,28.68530971817925,77.6882724518172,afternoon,504,4.3,True
W00605,carpentry,13,28.97020873874488,76.90506321413699,afternoon,1268,4.5,True
W00606,plumbing,15,28.248371684661223,77.6022704094752,evening,1296,3.3,True
W00607,plumbing,3,28.804443175960646,76.76903637772402,evening,1275,4.6,True
W00608,electrical,23,28.448556538514563,77.06996202105512,evening,1004,2.5,True
W00609,soil_preparation,27,28.793485851454115,77.31457603239237,afternoon,882,3.4,False
W00610,cleaning,23,28.560830117082837,76.78740752140486,evening,1249,4.1,True
W00611,farming_weeding,20,28.921617143957068,77.04638830999893,full_day,446,2.7,False
W00612,farming_thinning,10,28.430778241695563,77.00035635279443,evening,1109,3.2,False
W00613,cleaning,27,29.052669834959246,77.45689549847633,full_day,1147,2.9,True
W00614,farming_weeding,23,28.3485271921845,76.96064701000182,morning,731,2.9,True
W00615,farming_pruning,2,29.05069366170385,77.1821857966515,morning,353,4.4,True
W00616,farming_pruning,8,28.732002171683867,76.793311266652,full_day,933,3.1,False
W00617,electrical,20,28.240311707187274,77.23574233793109,afternoon,358,2.6,False
W00618,soil_preparation,27,28.590054740655376,77.6839815454401,evening,1423,3.6,True
W00619,painting,19,28.57044342048651,77.45791160157212,full_day,1372,4.1,False
W00620,soil_preparation,15,28.65356812213606,77.51370776624645,full_day,930,3.4,False
W00621,farming_weeding,9,28.12445581867764,77.23231624042526,afternoon,1004,3.2,True
W00622,welding,29,28.605831654117686,77.46447270087204,evening,318,4.4,False
W00623,painting,7,28.910667383867636,77.2572121957365,afternoon,1143,4.7,False
W00624,plumbing,7,28.27716949533029,77.44611785410338,full_day,1074,3.1,True
W00625,plumbing,20,28.353461814938562,77.47353829407662,evening,883,4.1,False
W00626,plumbing,6,28.967382023391604,76.89140717900264,evening,526,4.1,False
W00627,farming_harvesting,22,28.736653780275553,76.89678944254402,morning,611,2.6,True
W00628,farming_weeding,3,28.396014537575805,76.83403920283315,full_day,316,3.1,True
W00629,farming_seeds,15,28.331088085182852,77.12924302714748,full_day,1060,3.7,True
W00630,soil_preparation,2,28.957446299268078,77.66064404173261,morning,845,4.4,True
W00631,carpentry,15,28.295503738607408,77.60469897831634,evening,1081,4.6,True
W00632,cleaning,22,28.362862360507236,77.48022533302733,full_day,806,4.3,True
W00633,farming_thinning,14,28.849222779200943,76.80296030397072,afternoon,1268,3.5,False
W00634,soil_preparation,5,28.7430642541307,76.75118591559473,morning,818,3.7,False
W00635,farming_thinning,11,29.001419576043542,77.5726576657496,afternoon,531,3.1,False
W00636,soil_preparation,0,28.281260356408286,76.98510004383846,morning,1110,4.5,True
W00637,farming_seeds,18,28.897375240251062,77.18427067876165,afternoon,1060,4.4,True
W00638,farming_weeding,15,28.205301552304213,77.32764485843795,morning,422,3.4,True
W00639,welding,17,28.905366244365215,76.83482745766523,afternoon,948,5.0,False
W00640,cleaning,28,28.552618898096597,76.90196529905016,full_day,1033,4.3,False
W00641,farming_seeds,15,28.82052597892806,77.26802479063507,full_day,688,3.9,False
W00642,soil_preparation,23,28.582294721115563,77.57666183995717,afternoon,441,3.8,False
W00643,farming_harvesting,26,28.377249268895433,77.07611270700454,morning,1336,3.4,True
W00644,farming_seeds,19,28.970729288334216,77.48501656779794,afternoon,956,4.3,False
W00645,farming_thinning,16,28.79712418255768,77.47473409550986,afternoon,879,3.3,False
W00646,farming_pruning,3,28.637100539193238,76.77567984309627,afternoon,665,4.7,True
W00647,farming_pruning,15,28.305516640230667,76.7408171499,full_day,1303,3.8,False
W00648,farming_seeds,11,28.334622784146323,77.42684519456978,morning,727,4.1,True
W00649,electrical,25,28.75281671643183,77.06992605112508,full_day,1055,4.5,True
W00650,painting,8,28.642920831291775,77.44330033825628,evening,459,4.9,True
W00651,farming_pruning,23,28.34491800331221,77.094331088226,afternoon,1377,4.1,True
W00652,carpentry,23,28.67204160715926,77.45510837627586,evening,1239,4.3,False
W00653,farming_pruning,5,28.906361597773408,77.25896546657054,evening,623,3.8,False
W00654,soil_preparation,28,28.429054996142398,77.70046299061813,evening,1061,3.5,False
W00655,welding,10,28.72231337025704,77.27214470280428,afternoon,1068,4.4,False
W00656,soil_preparation,30,28.566303474207967,77.66882443092086,morning,370,5.0,True
W00657,carpentry,4,29.10731200955454,77.0108416539324,evening,754,3.0,False
W00658,farming_seeds,24,28.935839922447116,77.39871918390944,evening,1433,3.8,True
W00659,farming_pruning,1,28.57426980566126,76.86510710634596,evening,1051,4.7,True
W00660,farming_thinning,8,28.92497423678266,76.80090512128538,full_day,1465,4.8,True
W00661,welding,10,28.90680419431428,76.88190249085632,morning,915,2.6,False
W00662,farming_pruning,24,28.16982270882332,77.47990150367013,evening,1189,3.5,True
W00663,cleaning,7,28.861578657269323,77.55847816731261,morning,1083,2.6,True
W00664,soil_preparation,17,28.678812893992514,77.03583162765504,afternoon,613,2.6,False
W00665,electrical,24,28.709032191294842,77.21372934611203,afternoon,1184,3.2,False
W00666,farming_weeding,4,28.450068178040873,77.18485465439737,morning,1422,3.5,True
W00667,plumbing,16,28.548391111143122,77.4068705162583,afternoon,1284,3.9,False
W00668,plumbing,20,28.68523068290427,77.27016760981081,afternoon,796,2.7,False
W00669,soil_preparation,21,29.038038080895085,76.79859464812674,full_day,1167,3.4,True
W00670,soil_preparation,11,28.70777714904107,76.73320683033528,evening,646,5.0,False
W00671,painting,4,28.554363424063308,77.63321320690343,afternoon,708,4.2,True
W00672,cleaning,23,28.9666641451792,76.82137174078511,morning,797,4.9,True
W00673,farming_harvesting,0,28.45717137242105,77.5132807736343,evening,1221,3.7,False
W00674,farming_thinning,23,28.651905457906988,76.91280135287661,evening,1423,3.7,True
W00675,welding,22,28.78216058192841,77.08560666989538,morning,823,2.9,False
W00676,farming_thinning,25,28.810426688471175,76.98028145138238,full_day,317,2.7,False
W00677,masonry,27,29.026768780345474,77.06921914231988,morning,339,3.2,False
W00678,farming_thinning,12,28.6224403321431,77.41868879833522,evening,1292,4.7,True
W00679,farming_weeding,6,28.61455082286888,77.16698626214779,morning,381,3.1,False
W00680,soil_preparation,15,28.507299817827274,76.86600525059083,evening,1020,3.4,False
W00681,farming_thinning,16,28.389778278999724,76.77100969685459,evening,1092,4.7,True
W00682,carpentry,30,28.394093844628205,76.86070818076868,full_day,581,2.7,False
W00683,carpentry,30,28.791894896564248,77.58170147074405,afternoon,1154,3.1,True
W00684,plumbing,9,29.023635393564174,77.03828473837055,afternoon,723,4.1,True
W00685,farming_weeding,9,28.802432089480284,77.60764316972946,afternoon,1180,5.0,True
W00686,masonry,29,28.67874428731436,76.86704791687053,morning,1441,3.8,True
W00687,farming_weeding,10,28.95342250987022,76.85452283083707,morning,952,4.7,False
W00688,plumbing,9,28.556904487049653,77.6427685243912,evening,611,4.4,True
W00689,farming_weeding,5,28.14009822146332,77.6949555930792,evening,1461,4.0,True
W00690,farming_thinning,21,28.13998449279712,76.78847543031083,full_day,574,3.8,False
W00691,welding,20,28.487859401130503,77.56112943246559,full_day,1270,2.8,True
W00692,farming_thinning,1,28.522489160178147,77.67781508093339,evening,1145,3.1,True
W00693,cleaning,6,28.18003632423489,77.6361032061778,full_day,1303,4.2,False
W00694,farming_thinning,13,28.51876676824253,76.75082627505012,full_day,940,3.5,True
W00695,carpentry,3,28.565509592563664,77.53601010165936,morning,803,3.8,False
W00696,welding,1,28.67160094981341,77.2251266830948,morning,688,3.2,False
W00697,farming_harvesting,24,28.94152100760575,77.17034716396397,full_day,902,4.0,True
W00698,welding,16,29.017575646649597,77.17257895307164,full_day,485,4.3,True
W00699,farming_weeding,24,28.69934772072019,77.60332801824893,afternoon,1105,3.5,False
W00700,farming_seeds,5,28.567580735754337,77.60561750728365,afternoon,1231,2.7,False
W00701,welding,20,29.021062463005407,77.50548622247572,morning,486,2.8,False
W00702,masonry,11,28.19920654403431,77.41627911877697,afternoon,1075,3.9,True
W00703,cleaning,5,29.026152778822134,77.27449157851417,afternoon,632,4.7,True
W00704,cleaning,22,28.16521049021767,77.01706220553457,full_day,891,4.1,True
W00705,farming_weeding,30,28.316751705279447,77.33156032798735,evening,325,3.6,False
W00706,carpentry,25,28.119650548899056,77.5917029205372,afternoon,744,4.0,False
W00707,electrical,13,28.555775361497737,77.31021656656341,morning,801,4.7,False
W00708,painting,20,28.67144864826889,77.53425250470369,morning,678,2.9,False
W00709,farming_seeds,4,28.96772928723419,77.3759965429462,evening,978,4.8,True
W00710,farming_pruning,13,29.10763518063313,76.87033522743054,evening,1472,4.5,True
W00711,electrical,23,28.692866292442297,77.640479819386,morning,912,3.3,False
W00712,farming_pruning,24,28.541223839391094,77.25947108281349,evening,1264,2.8,False
W00713,soil_preparation,16,28.527657909272957,76.91884536927812,afternoon,419,2.8,True
W00714,electrical,23,28.802554278254345,77.64289167478819,evening,1174,4.0,False
W00715,farming_harvesting,16,28.689042689012172,77.33224414665888,afternoon,1452,3.7,False
W00716,electrical,25,28.293807231656192,77.31840575773062,evening,696,2.5,True
W00717,electrical,20,28.910632553228183,77.44646837562375,afternoon,1149,3.5,False
W00718,soil_preparation,17,28.919943517868994,76.92133793356491,afternoon,876,3.1,True
W00719,farming_harvesting,9,28.62058962709601,77.03292383938307,morning,533,4.2,False
W00720,plumbing,23,28.68282154079671,77.669112825253,afternoon,697,3.3,False
W00721,masonry,15,29.030063053173578,77.50625438382893,afternoon,1286,2.9,False
W00722,carpentry,28,28.449009654534386,77.49298903320854,full_day,414,4.6,False
W00723,painting,23,28.792097624649873,77.26417720830355,morning,726,3.9,False
W00724,cleaning,29,29.001929469518235,77.06259554042082,afternoon,874,4.6,False
W00725,plumbing,20,28.648173176211163,76.87496948780851,full_day,683,4.0,False
W00726,welding,27,28.428399398394227,76.74062821584566,full_day,477,3.7,True
W00727,soil_preparation,14,28.94335746891742,77.01162870502577,evening,658,2.8,True
W00728,cleaning,6,29.02725384616706,77.15277409298714,morning,1288,4.8,True
W00729,farming_thinning,10,29.037536767890096,77.44144106675594,evening,970,2.9,True
W00730,carpentry,21,29.10662034416137,76.91418711004087,morning,1240,3.5,True
W00731,farming_seeds,9,29.04623734402083,77.39605233073327,morning,982,3.7,True
W00732,farming_pruning,16,28.880080184922996,77.45455472517372,morning,1482,4.4,True
W00733,soil_preparation,6,28.30644563962346,76.98564953866807,evening,1203,4.2,False
W00734,farming_weeding,5,28.387536885840152,76.72425671749039,morning,723,3.9,False
W00735,farming_harvesting,4,29.05717781874205,77.51300283845714,afternoon,650,2.7,False
W00736,carpentry,14,28.164626183727936,76.73799268620265,morning,516,3.5,True
W00737,plumbing,12,28.292882993250174,77.30512136253175,full_day,1028,3.3,True
W00738,welding,24,28.784770265433938,77.24248492889514,full_day,1462,2.8,False
W00739,farming_pruning,14,28.424291684505924,77.35341860996348,full_day,1263,3.1,True
W00740,farming_weeding,27,29.009600861639843,76.96705276567386,evening,1102,3.0,False
W00741,cleaning,27,28.99630389022798,77.16228306769958,morning,433,3.7,False
W00742,electrical,14,28.95966626249255,76.99125736892181,evening,1476,2.8,True
W00743,plumbing,26,28.828173086166068,76.81598129479491,morning,918,3.8,False
W00744,painting,13,28.352475291789137,76.95269106104932,afternoon,1287,3.5,False
W00745,farming_thinning,26,28.807959860639052,77.14014849764342,full_day,1461,4.5,True
W00746,farming_weeding,21,28.783505196102666,77.44836704494702,full_day,534,4.0,False
W00747,soil_preparation,17,28.21155390919166,77.15421623236071,evening,1131,2.7,True
W00748,masonry,26,28.71030541502344,77.52886572875761,evening,1312,4.1,True
W00749,farming_pruning,6,28.930933589921274,77.59626153657413,morning,600,4.2,False
W00750,carpentry,9,28.503882660230786,77.28693141489595,afternoon,721,4.2,False
W00751,farming_harvesting,18,28.908246659728917,77.38855892759972,full_day,1005,5.0,True
W00752,painting,16,28.518097416064418,76.83655569705743,evening,427,3.4,True
W00753,farming_seeds,22,28.673930257856497,77.68769622975026,morning,877,4.7,True
W00754,plumbing,22,28.704063874583458,77.33421430341994,full_day,1131,3.5,True
W00755,masonry,5,28.58877141295574,76.89722683807777,full_day,1037,4.6,True
W00756,farming_harvesting,27,28.78396608192287,76.84327744814458,morning,332,2.9,False
W00757,masonry,13,29.088875027071072,76.8447757455458,afternoon,1151,4.7,False
W00758,painting,5,28.568294359211734,77.13312468457259,full_day,1087,3.4,True
W00759,plumbing,19,28.121329991498133,77.2071569636375,afternoon,1327,3.2,False
W00760,farming_seeds,1,28.6820495777016,77.41388254255487,morning,1488,3.7,True
W00761,farming_weeding,23,28.84519318301684,77.6925790981304,evening,1252,3.8,True
W00762,farming_thinning,15,28.744562849111006,77.37273693913528,morning,1404,4.5,False
W00763,painting,1,29.01748527260681,77.24403326161598,morning,1260,3.6,False
W00764,painting,23,28.445413989128294,77.06191454166607,evening,892,2.9,False
W00765,welding,25,28.677606273290838,76.77041776315346,full_day,1484,2.9,True
W00766,masonry,9,28.922795779679568,77.33331700548007,evening,1292,2.7,True
W00767,cleaning,8,28.36595097446247,77.32479776019582,evening,826,2.5,True
W00768,painting,5,29.024031488679128,77.4479672335322,full_day,1057,4.5,False
W00769,cleaning,22,28.35009588080733,76.88980919086465,morning,1002,5.0,True
W00770,painting,29,28.93562376777344,77.54661421960554,full_day,1084,3.1,False
W00771,welding,20,28.281183260903187,77.28675739382477,evening,411,4.1,True
W00772,farming_seeds,5,28.577914928033536,77.18523194233602,full_day,1390,3.1,False
W00773,electrical,8,28.259049830955583,77.57927773584973,morning,891,4.8,False
W00774,plumbing,21,28.429588624693178,77.23925342287777,morning,499,4.8,False
W00775,plumbing,19,29.03194201641728,77.56735567319834,evening,853,3.2,True
W00776,farming_harvesting,20,28.698076833861723,77.17010859344268,afternoon,699,3.8,True
W00777,soil_preparation,17,28.12447798916699,76.71747616666325,morning,324,3.5,True
W00778,masonry,14,28.465416419793787,77.43425065603329,evening,695,2.6,True
W00779,farming_seeds,30,28.708038582472547,77.6029669641514,afternoon,549,4.3,True
W00780,farming_pruning,27,28.718585784354115,77.08495844012793,afternoon,527,4.2,False
W00781,farming_harvesting,14,28.774377846385406,76.78471417569206,full_day,866,4.4,False
W00782,farming_harvesting,5,28.894631298580745,76.98628748155464,morning,1083,3.5,True
W00783,farming_harvesting,30,28.92670086386699,76.88692948663663,morning,1307,4.9,True
W00784,painting,12,28.29234217006477,77.20105729446136,afternoon,1407,4.4,True
W00785,painting,20,28.220149711756477,77.15058170905263,evening,511,2.6,True
W00786,painting,23,28.364496350261845,77.15488205232296,full_day,604,4.1,True
W00787,farming_seeds,21,28.504383820933377,76.86060747394008,evening,1101,3.9,False
W00788,electrical,13,28.51781275170482,77.43676742116315,morning,1406,3.1,False
W00789,welding,26,28.893729885676997,76.8302036502901,evening,982,4.2,False
W00790,farming_seeds,20,29.110915796294986,77.35607440950474,evening,1394,4.6,False
W00791,farming_pruning,26,28.573539353755514,77.4755080896762,afternoon,661,3.9,False
W00792,masonry,6,28.41277034517439,77.0991047251855,morning,1035,3.7,False
W00793,welding,6,28.25384295176639,76.90209271890942,afternoon,1301,3.5,False
W00794,electrical,17,29.07885384599455,77.52077808679124,morning,375,3.3,False
W00795,cleaning,23,28.156714533453496,76.82718710872291,full_day,1398,2.9,True
W00796,farming_pruning,1,28.84935972363346,77.19789471332604,morning,1265,4.8,True
W00797,farming_thinning,22,28.762686419112516,76.72336520496196,morning,929,4.6,True
W00798,electrical,19,28.28458938788289,77.30004248928992,morning,533,3.7,True
W00799,farming_pruning,25,28.316541140119817,77.04634311022998,full_day,964,2.8,True
W00800,soil_preparation,26,29.078592389913663,76.92223183748297,morning,655,3.3,True
W00801,farming_harvesting,4,28.87145008619394,76.87705085313542,evening,1433,2.9,True
W00802,painting,1,28.247270877057076,77.50005229562049,full_day,623,2.5,False
W00803,farming_pruning,0,28.12112399487654,77.63513695628302,evening,1152,4.2,False
W00804,welding,4,28.320060218589663,77.3488257037323,full_day,1143,3.1,True
W00805,painting,22,28.15152121197784,76.88900046698153,full_day,480,4.1,False
W00806,soil_preparation,13,28.118470041281807,76.94463900732922,morning,1385,4.9,False
W00807,cleaning,17,28.621440756607623,77.17321600707122,afternoon,866,2.6,True
W00808,cleaning,4,28.799143754415077,77.67757383781287,full_day,1318,2.9,True
W00809,farming_seeds,20,28.47809306907851,76.91858975281322,evening,984,4.0,False
W00810,farming_seeds,3,28.854316884813134,77.63386134571851,afternoon,623,4.5,False
W00811,carpentry,3,28.184759498493964,76.94429983104321,full_day,1487,3.3,True
W00812,welding,21,29.012272756881156,76.93906323560309,morning,967,3.1,True
W00813,welding,13,28.98378630294767,77.08453238787774,afternoon,450,3.7,False
W00814,farming_seeds,28,28.54976506057487,76.92516516208565,full_day,664,3.5,True
W00815,electrical,23,28.30805492290274,77.06759018546012,evening,714,3.3,True
W00816,welding,18,28.17355171963427,76.8455014993482,full_day,1239,3.5,False
W00817,farming_thinning,28,28.409061512521177,76.8657881240662,afternoon,1483,4.9,True
W00818,farming_pruning,13,28.970873763717478,77.19821339856237,afternoon,1269,4.6,False
W00819,farming_seeds,23,28.542010366584204,77.58159847109508,afternoon,970,3.6,True
W00820,painting,30,28.262869701780044,77.28270078487883,morning,1155,5.0,True
W00821,electrical,23,28.882506390835466,76.74262055440022,full_day,1281,4.5,True
W00822,electrical,15,28.354411492513805,77.26748696643918,morning,1132,4.9,True
W00823,soil_preparation,9,28.35296239604682,77.70795165928251,morning,1282,4.2,True
W00824,welding,14,28.971822111230946,77.4562866966103,morning,1231,3.7,True
W00825,welding,12,28.298845738240026,77.58055179955379,full_day,302,4.7,True
W00826,plumbing,28,28.80465063864072,77.2399203269535,evening,1172,4.4,True
W00827,cleaning,21,28.19485904156905,77.58984724795592,morning,1354,4.9,False
W00828,farming_seeds,3,28.496854995077783,77.17435287513683,morning,1048,3.4,True
W00829,carpentry,22,28.887475508629624,76.84740580717661,evening,788,3.8,False
W00830,welding,30,28.866177140171224,77.5801313825779,afternoon,761,3.3,False
W00831,carpentry,21,28.53682912510891,76.76345999699362,evening,1007,3.6,True
W00832,electrical,22,28.645804478954588,77.53437901798529,evening,1225,4.1,True
W00833,farming_thinning,28,28.997878981210846,76.79630875015386,full_day,666,3.2,True
W00834,farming_pruning,5,28.389842736208625,77.40608211085167,full_day,608,4.7,True
W00835,farming_harvesting,13,29.08347460554245,77.25043495806844,afternoon,1270,3.4,False
W00836,welding,20,28.135382298459984,76.8980606586855,morning,775,4.6,False
W00837,plumbing,18,28.45669247861922,77.35505122645814,evening,1295,4.0,False
W00838,electrical,9,28.68115166091289,77.60728192285708,evening,651,4.5,True
W00839,electrical,11,29.084624048377176,77.478749737125,morning,603,3.4,False
W00840,farming_weeding,19,29.038031640499756,77.42081217234818,evening,673,4.9,True
W00841,farming_weeding,7,28.23081733480358,77.70277303806414,afternoon,1202,3.2,True
W00842,farming_thinning,17,28.821034381195076,77.37455328158248,evening,602,3.4,True
W00843,carpentry,9,28.235390023437397,76.7339252051455,full_day,597,4.9,False
W00844,farming_weeding,0,29.084050163311474,77.25514558797778,evening,905,3.7,False
W00845,cleaning,18,28.780787731455888,77.50857617495382,full_day,993,4.2,False
W00846,farming_seeds,4,28.791908336953522,76.82587609782877,morning,1122,4.0,True
W00847,electrical,11,28.20638113130306,76.76403363615387,afternoon,1494,3.8,False
W00848,farming_thinning,0,28.19748955039391,77.55845138875736,morning,1348,3.5,False
W00849,soil_preparation,19,28.718977821847467,77.65240216410196,evening,1114,2.9,False
W00850,soil_preparation,12,28.486731150980226,76.99365036559792,evening,930,4.9,True
W00851,farming_thinning,23,29.00170487659738,77.45052767652719,full_day,1206,3.2,False
W00852,welding,28,28.52809378772056,77.54451153233036,morning,594,3.0,False
W00853,carpentry,10,28.1800157811668,77.66909529822081,full_day,481,2.5,False
W00854,plumbing,5,28.669713844964804,77.41924700677333,afternoon,708,3.0,False
W00855,farming_harvesting,17,28.604485618035742,77.53179921938664,evening,1498,3.3,False
W00856,farming_thinning,0,28.905119547409168,76.86302396964041,evening,1267,2.8,False
W00857,plumbing,5,28.60578650330002,77.3968431859969,afternoon,358,2.8,False
W00858,electrical,2,28.712791323399287,77.07075951049526,full_day,1458,3.6,False
W00859,masonry,21,28.58994071329727,77.40324509866745,morning,1064,3.8,True
W00860,farming_harvesting,5,28.695554496926892,76.85513712072135,full_day,577,3.4,True
W00861,farming_harvesting,11,28.533414005156214,77.62110462119547,evening,399,3.2,True
W00862,carpentry,6,28.8803424376788,76.89224749741471,morning,642,3.9,False
W00863,masonry,25,28.414972308953548,77.39444371946132,evening,496,3.8,False
W00864,farming_weeding,0,28.250849446187697,76.9904177600519,full_day,1143,3.4,True
W00865,farming_pruning,6,28.268454914708308,76.9301135017244,afternoon,1444,4.0,True
W00866,plumbing,14,29.029931160029772,76.82556565084192,afternoon,335,3.7,False
W00867,welding,11,28.2529139819461,77.15093790770864,evening,652,4.3,True
W00868,welding,26,28.232496890735312,76.83771447843921,afternoon,764,3.3,True
W00869,farming_weeding,2,28.53870507262661,77.47202368778012,morning,459,2.5,False
W00870,cleaning,13,28.156416940804952,76.81681738186474,morning,1260,2.8,False
W00871,farming_seeds,2,28.415545805445213,76.7192723967623,morning,553,4.8,True
W00872,painting,28,28.313924427360163,77.37960064786326,morning,485,2.9,False
W00873,painting,11,28.466103273479323,77.56413808206197,afternoon,1334,3.9,True
W00874,painting,24,28.127884311586907,76.92599807581165,afternoon,877,2.9,True
W00875,welding,3,29.038132097074506,77.62947717797903,full_day,1050,4.2,True
W00876,electrical,21,29.071647735882735,76.88984853764431,evening,1077,3.6,True
W00877,plumbing,3,28.875309446482458,77.02328027245116,full_day,525,3.8,False
W00878,cleaning,11,28.818630915190813,77.26613212283058,morning,468,3.3,True
W00879,plumbing,9,28.570845766511482,77.44517442184691,full_day,762,3.9,False
W00880,plumbing,6,28.970673749512503,77.60375464702442,full_day,1052,2.9,False
W00881,masonry,3,28.510269758531887,77.23166237630359,morning,544,2.9,False
W00882,welding,18,29.091470854885298,77.45043215958246,afternoon,432,3.4,True
W00883,soil_preparation,6,28.70886082994364,77.69966131863214,morning,776,4.6,False
W00884,farming_harvesting,24,28.827393807360323,77.29091862399616,evening,1119,3.4,False
W00885,electrical,16,28.392790633190977,77.4769995555776,morning,550,3.1,False
W00886,farming_thinning,20,29.05630300457633,76.73872351833883,morning,439,3.7,True
W00887,farming_weeding,12,28.718483924108778,77.03595588583303,evening,497,4.4,False
W00888,cleaning,14,28.315831754451715,77.37109323330148,full_day,1333,3.2,False
W00889,cleaning,27,28.654428986950368,76.72667039263682,morning,1181,4.7,True
W00890,plumbing,14,28.428459197819787,77.08533656295059,full_day,373,2.6,False
W00891,welding,5,28.60537960864515,76.84348824221239,full_day,1298,4.4,False
W00892,masonry,17,28.79927416710997,77.28121023343368,full_day,1451,4.6,True
W00893,plumbing,8,28.608591130452194,77.67987075842767,evening,882,3.3,True
W00894,painting,1,28.242098063648747,77.0754100941187,morning,998,3.5,False
W00895,soil_preparation,11,28.525829602557938,76.76544924686283,afternoon,807,3.1,False
W00896,painting,2,29.024289018714363,76.7745002360712,evening,534,3.3,True
W00897,carpentry,10,28.151277621687274,77.36676778655774,full_day,1463,3.8,False
W00898,farming_harvesting,0,28.80985847628787,77.29698923359987,evening,1073,3.9,False
W00899,painting,3,28.92222656836777,76.80905668320406,afternoon,988,3.7,False
W00900,farming_weeding,19,28.413420897592115,77.67842775276297,afternoon,1317,4.1,True
W00901,carpentry,6,28.401255559059646,76.75653136111289,full_day,762,4.1,True
W00902,welding,27,28.69209324802409,77.30086465544133,evening,437,3.9,False
W00903,plumbing,6,28.461216487101108,76.7856615916158,evening,1333,4.5,False
W00904,masonry,17,28.42725296630917,77.12331425066517,evening,1355,3.6,True
W00905,farming_seeds,20,28.817231645699025,77.5717098067592,full_day,736,4.2,False
W00906,farming_harvesting,29,28.75182635897338,77.51793347870128,full_day,1459,4.3,True
W00907,carpentry,6,28.478174669159106,76.85674368882458,afternoon,914,4.6,False
W00908,soil_preparation,27,28.94411438055588,76.7734275295282,afternoon,1144,3.2,False
W00909,masonry,5,28.370346634880118,77.31023226967551,full_day,788,2.8,True
W00910,farming_seeds,7,28.910944760191658,77.01954056781649,full_day,1446,5.0,False
W00911,masonry,28,28.150903734722664,76.86835848856504,afternoon,359,3.1,False
W00912,masonry,17,28.289885221894785,77.56152101750845,full_day,340,2.6,True
W00913,soil_preparation,19,28.411879175054818,76.77258169690204,full_day,1044,4.2,True
W00914,plumbing,30,28.953710473652443,77.5517502672416,afternoon,529,3.9,True
W00915,carpentry,21,28.94288158267453,77.6586745003396,evening,1316,4.7,True
W00916,painting,3,28.88709088434195,77.02241032929187,full_day,783,4.8,True
W00917,farming_weeding,3,28.28905425543568,77.67892347594014,full_day,1136,3.1,True
W00918,electrical,17,28.488604984572664,77.65771088946582,evening,1417,3.6,True
W00919,farming_harvesting,28,28.898173251421543,76.85391153033822,full_day,1053,4.6,True
W00920,masonry,30,29.019129431434088,76.74380943174268,morning,790,3.1,False
W00921,farming_harvesting,20,29.072383611796923,77.07185509842006,morning,1395,4.7,False
W00922,plumbing,0,29.023689099996894,77.10197556823125,evening,916,2.7,True
W00923,farming_harvesting,6,28.97331673733478,76.8692272310547,full_day,949,4.7,False
W00924,cleaning,1,28.38793652568493,76.78909455966352,full_day,1264,4.3,False
W00925,welding,13,28.99066122723927,77.5292413104504,afternoon,834,3.8,False
W00926,plumbing,19,28.843131594602973,77.25672773189683,evening,1228,4.2,True
W00927,masonry,20,28.29763962216196,77.15240497099623,afternoon,306,3.5,False
W00928,soil_preparation,18,28.196132051423405,76.86682243944409,afternoon,1140,4.5,False
W00929,electrical,15,28.987405843692812,76.84250980178028,afternoon,970,4.5,True
W00930,farming_pruning,13,28.481499563165674,77.10249418041401,full_day,1468,3.1,True
W00931,carpentry,20,28.7259031597214,76.93770724578832,morning,1247,3.0,True
W00932,farming_seeds,12,28.7319040495761,77.3093927309823,afternoon,482,4.9,True
W00933,painting,3,28.12801490677732,77.2348377003309,full_day,1312,2.8,True
W00934,farming_thinning,30,28.975836724285873,77.49112194343063,evening,1312,3.5,False
W00935,farming_thinning,19,28.329466597843226,77.53308888848846,afternoon,1156,3.0,True
W00936,farming_seeds,9,29.09002816290408,76.94448562539876,full_day,808,3.4,False
W00937,farming_pruning,0,28.58278160804812,77.58044347521101,full_day,734,4.3,False
W00938,welding,19,28.37012559393239,76.804279422082,morning,406,3.3,True
W00939,electrical,29,28.468201683580425,77.31537446447702,morning,310,3.1,False
W00940,farming_harvesting,12,28.78516202114598,76.84123825371309,morning,1488,2.9,True
W00941,carpentry,15,29.044226941156214,77.58689675197068,afternoon,483,3.3,False
W00942,farming_weeding,8,28.230742056164665,76.75316216148822,afternoon,1322,4.7,False
W00943,welding,11,29.04013704247241,76.99192550819212,evening,840,3.8,False
W00944,farming_weeding,10,28.85076923827652,77.20027477976438,afternoon,1438,4.6,False
W00945,farming_seeds,6,28.262520807040985,76.93886054556923,morning,1263,3.2,False
W00946,plumbing,3,29.10910174335819,77.63620634113931,morning,1204,3.4,False
W00947,electrical,15,28.226390883811106,77.42876396342277,afternoon,553,3.4,True
W00948,farming_harvesting,5,28.948853659536653,77.45893665150358,evening,1453,4.7,True
W00949,painting,0,28.639915406599997,77.27978781113453,full_day,457,3.1,False
W00950,masonry,3,29.001267698018683,76.73496216860623,morning,1107,3.4,True
W00951,soil_preparation,4,28.14277450218993,77.16923318045363,full_day,1229,4.1,False
W00952,painting,21,28.119705360745094,77.67877051380162,full_day,965,4.9,True
W00953,farming_thinning,27,28.162582248603986,77.3526440295201,evening,413,4.4,False
W00954,farming_pruning,12,28.369063901880466,76.94908013282009,full_day,482,2.6,True
W00955,farming_weeding,12,28.893392545145723,76.99393588899946,afternoon,546,3.2,False
W00956,welding,25,29.03559980935828,77.61273427186133,afternoon,1035,4.2,False
W00957,carpentry,6,28.603523035829085,77.59441303864189,full_day,849,3.9,False
W00958,farming_pruning,24,28.536436349378484,77.07723603223167,afternoon,1189,4.1,True
W00959,farming_seeds,16,28.455644847396552,77.17252487561434,afternoon,617,4.8,True
W00960,farming_harvesting,14,28.551255518931026,77.61620771105248,full_day,915,2.9,True
W00961,masonry,28,28.414308652734295,76.95765350516955,full_day,905,3.9,True
W00962,farming_seeds,16,28.221532171442,77.13391352120802,morning,1251,4.2,False
W00963,soil_preparation,8,28.699467884756398,77.47764677297656,morning,533,4.4,False
W00964,farming_weeding,25,28.296108134553656,77.10195733753785,morning,1152,4.7,False
W00965,soil_preparation,18,28.837994684831784,77.46635426448479,full_day,842,3.4,True
W00966,farming_thinning,5,28.192120529459636,77.69118618783395,evening,517,3.6,True
W00967,farming_seeds,12,28.23057826036591,76.8807353512034,full_day,1242,4.2,False
W00968,farming_harvesting,19,28.927032479592576,77.32574482644148,full_day,919,2.7,True
W00969,farming_seeds,6,28.225812502467395,76.72488524651551,afternoon,354,3.0,True
W00970,masonry,7,28.549688473800494,77.33505915112934,afternoon,476,3.3,False
W00971,farming_weeding,15,28.535779224641747,76.82545881955404,afternoon,1211,4.9,False
W00972,farming_seeds,27,28.563416278395252,76.95162964875503,evening,1466,4.6,False
W00973,farming_seeds,10,28.121774280979214,77.33940988033734,full_day,1151,4.6,False
W00974,farming_seeds,15,28.513580372224013,77.22235572146654,full_day,774,4.3,True
W00975,plumbing,18,28.429750150236902,76.77251056894548,full_day,1269,2.8,False
W00976,electrical,22,28.550130003988794,76.87033343642959,afternoon,1261,3.4,True
W00977,carpentry,7,28.70155871010028,77.39397408434118,full_day,568,4.7,False
W00978,plumbing,26,29.055096990557814,77.3615001878633,evening,1267,4.5,True
W00979,painting,6,28.39635721526964,77.45825430183255,full_day,564,2.9,True
W00980,painting,15,28.214803725575525,77.12498436193954,full_day,921,3.1,True
W00981,farming_seeds,11,28.994806106984676,77.06604387483692,afternoon,657,4.6,True
W00982,cleaning,2,28.451634754611707,76.82296929336759,afternoon,547,3.9,False
W00983,farming_harvesting,10,28.898785804021664,77.47837390153614,evening,609,4.6,True
W00984,welding,1,29.04053209845325,77.14682670646151,full_day,527,4.9,True
W00985,carpentry,1,28.621205727194333,76.87604629830962,morning,720,4.8,True
W00986,welding,9,28.822063361560687,77.47096468998416,full_day,503,2.9,False
W00987,soil_preparation,26,28.25167246417838,77.55759509171465,full_day,1151,4.4,True
W00988,farming_thinning,26,28.92304521570253,77.05032006978064,afternoon,474,3.2,False
W00989,soil_preparation,20,28.778895254914847,76.86061121452754,full_day,767,2.8,False
W00990,plumbing,29,28.523209319392333,77.16775306391598,evening,360,3.6,True
W00991,welding,25,28.631248698851785,76.77858118889316,evening,944,3.5,True
W00992,plumbing,1,28.507166266280358,76.74609373369944,afternoon,1476,2.6,False
W00993,plumbing,12,28.9996828503912,77.409790394497,evening,942,4.8,True
W00994,farming_harvesting,28,28.641691735607395,77.62945059164511,full_day,1213,4.1,False
W00995,welding,11,29.001574896507197,77.49056309313147,full_day,704,4.7,True
W00996,farming_seeds,17,28.448392924734904,77.43409868233562,afternoon,1365,5.0,False
W00997,farming_thinning,2,28.62557160683711,77.02125241364044,evening,627,2.6,False
W00998,farming_thinning,26,28.888057787143754,77.4355092463996,morning,422,4.6,False
W00999,masonry,16,28.46837334590415,76.75673287293732,morning,1219,3.2,True
